Food_Item,Category,Calories (kcal),Protein (g),Carbohydrates (g),Fat (g),Fiber (g),Sugars (g),Meal_Type,Water_Intake (ml),Sodium (mg) (g),Cholesterol (mg) (g),Protein (g) per 100kcal,Fat (g) per 100kcal,Carbohydrates (g) per 100kcal,Fiber (g) per 100kcal,PCA1,PCA2,Cluster,Protein (g)_risk,Fiber (g)_risk
Scrambled Eggs (2 large),Protein/Dairy,180,12.0,2.0,14.0,0.0,1.0,Breakfast,250,0.18,0.37,6.666666666666667,7.777777777777778,1.1111111111111112,0.0,2.697981410853008,-4.330128319129804,0,1,1
Whole Wheat Toast (1 slice),Grain,80,4.0,14.0,1.0,2.0,2.0,Breakfast,0,0.14,0.0,5.0,1.25,17.5,2.5,-0.8718581125621797,0.1043036228973997,1,1,1
Coffee (black),Beverage,5,0.3,0.0,0.1,0.0,0.0,Breakfast,0,0.005,0.0,6.0,2.0,0.0,0.0,-2.194501806177191,-0.5031112065812496,1,1,1
Banana,Fruit,105,1.3,27.0,0.4,3.1,14.0,Breakfast,0,0.001,0.0,1.238095238095238,0.3809523809523809,25.71428571428571,2.952380952380953,-0.6149333684310839,1.7591347250418488,2,1,1
Grilled Chicken Salad,Meal/Protein,350,16.75,10.0,20.0,5.0,4.0,Lunch,500,0.4,0.08,4.785714285714286,5.714285714285714,2.857142857142857,1.4285714285714286,3.1112322747614805,-1.1969494235401217,0,0,1
Apple,Fruit,95,0.5,25.0,0.3,4.4,19.0,Snack,0,0.002,0.0,0.5263157894736842,0.3157894736842105,26.31578947368421,4.631578947368421,-0.5082430617279242,2.2623710637091627,2,1,1
Salmon (4oz grilled),Protein/Fish,230,16.75,0.0,14.0,0.0,0.0,Dinner,250,0.06,0.06,7.282608695652174,6.086956521739131,0.0,0.0,0.8823383026843703,-1.9798042962243037,1,0,1
Quinoa (1 cup cooked),Grain,222,8.0,39.0,3.6,5.0,1.0,Dinner,0,0.013,0.0,3.603603603603604,1.6216216216216215,17.56756756756757,2.2522522522522523,0.7856680185942108,1.0341314527601626,2,1,1
Steamed Broccoli (1 cup),Vegetable,55,3.7,11.2,0.6,5.1,2.0,Dinner,0,0.04,0.0,6.727272727272728,1.0909090909090908,20.36363636363636,9.272727272727272,-0.7455402073286805,0.4322307099281197,1,1,1
Greek Yogurt (plain 1 cup),Dairy,150,16.75,8.0,3.0,0.0,7.0,Snack,250,0.085,0.01,11.166666666666666,2.0,5.333333333333334,0.0,0.0023175124527993,-0.5624200828056745,1,0,1
Oatmeal (1 cup cooked),Grain,160,6.0,28.0,3.0,4.0,1.0,Breakfast,250,0.002,0.0,3.75,1.875,17.5,2.5,0.0238559035101727,0.6565785445753073,2,1,1
Blueberries (1/2 cup),Fruit,42,0.5,11.0,0.2,1.8,7.0,Breakfast,0,0.001,0.0,1.1904761904761905,0.4761904761904762,26.190476190476197,4.285714285714286,-1.491317855970438,0.5887975244673759,1,1,1
Almonds (1 oz),Nut,164,6.0,6.0,14.0,3.5,1.0,Snack,0,0.001,0.0,3.658536585365853,8.536585365853659,3.658536585365853,2.1341463414634148,0.0586645136914856,-0.3386247664413894,1,1,1
Turkey Sandwich (on wheat),Meal/Processed,340,16.75,34.0,12.0,5.0,6.0,Lunch,500,0.85,0.05,4.926470588235294,3.5294117647058822,10.0,1.4705882352941175,3.56591375173094,-0.0671394306658082,0,0,1
Carrot Sticks (1 cup),Vegetable,52,1.2,12.3,0.3,3.6,6.0,Snack,0,0.088,0.0,2.3076923076923075,0.5769230769230769,23.65384615384616,6.923076923076923,-1.0253265947779466,0.6924439431202941,1,1,1
Spaghetti Bolognese,Meal/Pasta,460,16.75,55.0,18.0,6.0,10.0,Dinner,250,0.7,0.05,3.641304347826087,3.91304347826087,11.956521739130435,1.3043478260869563,4.70646996239617,0.986380955925182,0,0,1
Side Salad (light dressing),Vegetable,70,2.0,8.0,4.0,3.0,3.0,Dinner,0,0.15,0.0,2.857142857142857,5.714285714285714,11.428571428571429,4.285714285714286,-0.8543618490878683,0.1184575236091343,1,1,1
Protein Shake (Whey),Supplement,120,16.75,3.0,1.0,1.0,2.0,Snack,500,0.16,0.005,13.958333333333334,0.8333333333333334,2.5,0.8333333333333334,-0.1604290973927923,-0.9429682399740794,1,0,1
Cereal (Frosted Flakes 1 cup),Grain/Processed,130,2.0,31.0,0.0,1.0,11.0,Breakfast,0,0.19,0.0,1.5384615384615383,0.0,23.846153846153847,0.7692307692307693,-0.5104746150887655,1.3151306213364524,2,1,1
Lentil Soup (1 can),Meal/Legume,230,15.0,35.0,3.0,12.0,6.0,Lunch,250,0.65,0.0,6.521739130434782,1.3043478260869563,15.217391304347828,5.217391304347826,3.035597887036733,1.5240510765305937,2,1,0
White Rice (1 cup cooked),Grain,204,4.2,44.5,0.4,0.6,0.1,Dinner,0,0.002,0.0,2.0588235294117645,0.196078431372549,21.81372549019608,0.2941176470588235,-0.2288213381338017,0.8656496069884211,2,1,1
Tofu Stir-fry,Meal/Vegetarian,400,16.75,30.0,22.0,7.0,9.0,Dinner,250,0.5,0.0,4.1875,5.5,7.5,1.7500000000000002,3.719737952432864,0.6431749947183582,0,0,1
Orange,Fruit,62,1.2,15.4,0.2,3.1,12.0,Snack,0,0.0,0.0,1.935483870967742,0.3225806451612903,24.83870967741936,5.0,-1.0432598217312716,1.236807444114956,2,1,1
Bagel (plain),Grain,270,11.0,55.0,1.5,2.0,5.0,Breakfast,250,0.43,0.0,4.074074074074074,0.5555555555555556,20.37037037037037,0.7407407407407408,1.5368614976807422,1.2403456592499928,2,1,1
Cream Cheese (2 tbsp),Dairy,100,2.0,2.0,10.0,0.0,1.0,Breakfast,0,0.09,0.03,2.0,10.0,2.0,0.0,-0.8949706853298951,-0.920642898873024,1,1,1
Tuna Salad (1/2 cup),Meal/Fish,190,16.75,2.0,12.0,1.0,1.0,Lunch,500,0.4,0.03,8.81578947368421,6.315789473684211,1.0526315789473684,0.5263157894736842,1.067995037263479,-1.597134650685776,1,0,1
Crackers (5 whole wheat),Grain/Processed,90,2.0,14.0,3.0,2.0,0.0,Lunch,0,0.18,0.0,2.2222222222222223,3.333333333333333,15.555555555555555,2.2222222222222223,-0.8501351488267165,-0.0219776175723386,1,1,1
Beef Steak (6oz sirloin),Protein/Meat,270,16.75,0.0,10.0,0.0,0.0,Dinner,250,0.09,0.115,6.203703703703703,3.7037037037037033,0.0,0.0,1.2271869995904114,-2.3472531304418385,1,0,1
Baked Potato (medium),Vegetable,160,4.3,36.0,0.2,3.8,1.0,Dinner,0,0.017,0.0,2.6875,0.125,22.5,2.375,-0.0773149804951555,1.0145617953837611,2,1,1
Ice Cream (1/2 cup vanilla),Dairy/Dessert,145,2.5,17.0,7.5,0.5,16.0,Snack,0,0.055,0.03,1.7241379310344829,5.172413793103448,11.724137931034482,0.3448275862068966,-0.3193711558864114,0.8228866864956824,2,1,1
Pizza (1 slice pepperoni),Meal/Processed,290,12.0,34.0,12.0,2.0,4.0,Dinner,250,0.72,0.035,4.137931034482759,4.137931034482759,11.724137931034482,0.6896551724137931,2.3554392554816626,-0.19539479942483,0,1,1
Avocado Toast (1 slice),Meal/Vegetarian,260,7.0,28.0,15.0,10.0,1.0,Breakfast,500,0.35,0.0,2.6923076923076925,5.769230769230769,10.76923076923077,3.8461538461538463,2.3158789884363755,0.9111954084823818,2,1,0
Hard-Boiled Egg (1 large),Protein,78,6.3,0.6,5.3,0.0,0.5,Snack,0,0.062,0.187,8.076923076923077,6.794871794871795,0.7692307692307692,0.0,0.0923238759898829,-2.4040957004253736,1,1,1
Chicken Wrap (with tortilla),Meal/Processed,410,16.75,38.0,17.0,5.0,3.0,Lunch,250,0.78,0.06,4.085365853658537,4.146341463414634,9.268292682926829,1.2195121951219512,4.079637308837868,-0.3116804012288339,0,0,1
Grapes (1 cup),Fruit,104,1.1,27.0,0.2,1.4,23.0,Snack,0,0.003,0.0,1.0576923076923077,0.1923076923076923,25.961538461538463,1.346153846153846,-0.7732784193574285,2.263846163307528,2,1,1
Cottage Cheese (1/2 cup),Dairy,90,12.0,5.0,3.0,0.0,4.0,Snack,0,0.4,0.01,13.333333333333334,3.333333333333333,5.555555555555555,0.0,-0.229295845038085,-0.8468587456441043,1,1,1
Burger (cheeseburger),Meal/Processed,550,16.75,40.0,30.0,3.0,7.0,Dinner,500,1.1,0.09,3.0454545454545454,5.454545454545454,7.272727272727272,0.5454545454545455,5.618234268009447,-0.8156007821706971,0,0,1
French Fries (medium),Vegetable/Processed,340,4.0,44.0,17.0,4.0,0.3,Dinner,0,0.23,0.0,1.1764705882352942,5.0,12.941176470588236,1.1764705882352942,1.8057626560670503,0.8349067869037113,2,1,1
Protein Bar,Supplement/Processed,210,16.75,22.0,7.0,6.0,1.0,Snack,500,0.18,0.005,7.976190476190475,3.333333333333333,10.476190476190476,2.857142857142857,1.556858415674205,0.0373960136068896,2,0,1
Black Beans (1/2 cup),Legume,114,7.6,20.4,0.5,7.5,0.3,Lunch,0,0.001,0.0,6.666666666666667,0.4385964912280701,17.894736842105264,6.578947368421052,0.1796048301873828,0.7402194558509363,2,1,1
Salsa (1/4 cup),Vegetable,20,0.8,4.5,0.1,1.0,3.0,Lunch,0,0.25,0.0,4.0,0.5,22.5,5.0,-1.5295962860814971,-0.1447510132556414,1,1,1
Chicken Noodle Soup (1 can),Meal/Processed,150,7.0,18.0,5.0,2.0,2.0,Lunch,250,0.89,0.015,4.666666666666667,3.333333333333333,12.0,1.3333333333333337,0.9069841694356486,-0.4323246422279923,2,1,1
Peanut Butter (2 tbsp),Nut,190,7.0,8.0,16.0,2.0,3.0,Snack,0,0.14,0.0,3.684210526315789,8.421052631578947,4.2105263157894735,1.0526315789473684,0.3460837954543741,-0.4387369897605676,1,1,1
Celery Sticks (1 cup),Vegetable,14,0.6,3.0,0.2,1.4,1.2,Snack,0,0.077,0.0,4.285714285714286,1.4285714285714286,21.428571428571427,10.0,-1.773611849458653,-0.2006692339856075,1,1,1
Cod (4oz baked),Protein/Fish,95,16.75,0.0,0.8,0.0,0.0,Dinner,250,0.095,0.055,17.63157894736842,0.8421052631578947,0.0,0.0,-0.2231185645204662,-1.703985588168131,1,0,1
Green Beans (1 cup),Vegetable,31,1.8,7.0,0.2,2.7,3.3,Dinner,0,0.006,0.0,5.806451612903226,0.6451612903225806,22.58064516129032,8.709677419354838,-1.4316572945720196,0.2215378336052262,1,1,1
Chocolate Chip Cookie (1 large),Dessert,220,2.5,30.0,11.0,1.5,19.0,Snack,0,0.16,0.02,1.1363636363636365,5.0,13.636363636363637,0.6818181818181818,0.6202307117145025,1.5592619908673064,2,1,1
Shrimp (3oz steamed),Protein/Fish,84,16.75,0.2,0.2,0.0,0.0,Dinner,250,0.1,0.161,19.940476190476197,0.2380952380952381,0.2380952380952381,0.0,0.4414920991719572,-2.58671635625259,1,0,1
Pancakes (2 medium),Grain,180,5.0,30.0,5.0,1.0,6.0,Breakfast,0,0.45,0.025,2.7777777777777777,2.7777777777777777,16.666666666666664,0.5555555555555556,0.5367992598238513,0.3461929924286155,2,1,1
Maple Syrup (2 tbsp),Condiment,104,0.0,27.0,0.0,0.0,24.0,Breakfast,0,0.002,0.0,0.0,0.0,25.961538461538463,0.0,-1.046494126870503,2.231899244184671,2,1,1
Sausage Link (1 cooked),Protein/Meat,85,5.0,1.0,7.0,0.0,0.5,Breakfast,0,0.3,0.02,5.88235294117647,8.235294117647058,1.1764705882352942,0.0,-0.7161103043959453,-1.0680943230245508,1,1,1
Smoothie (Fruit & Yogurt),Beverage/Meal,280,12.0,55.0,3.0,7.0,40.0,Breakfast,250,0.07,0.005,4.285714285714286,1.0714285714285714,19.642857142857142,2.5,2.408260046097259,4.543548127129503,2,1,1
Tofu (4oz firm),Protein/Vegetarian,90,10.0,3.0,5.0,2.0,1.0,Lunch,0,0.01,0.0,11.11111111111111,5.555555555555555,3.333333333333333,2.2222222222222223,-0.6251124186798805,-0.6056683713348378,1,1,1
Brown Rice (1 cup cooked),Grain,215,5.0,45.0,1.8,3.5,0.4,Lunch,0,0.01,0.0,2.3255813953488373,0.8372093023255814,20.930232558139537,1.627906976744186,0.3662102594486054,1.1725144503636284,2,1,1
Bell Pepper (1 medium red),Vegetable,31,1.2,6.0,0.3,2.1,4.2,Lunch,0,0.004,0.0,3.870967741935484,0.967741935483871,19.35483870967742,6.774193548387098,-1.5657459182313604,0.214893332919064,1,1,1
Hummus (2 tbsp),Legume,70,2.0,4.0,5.0,2.0,0.0,Snack,0,0.13,0.0,2.857142857142857,7.142857142857142,5.714285714285714,2.857142857142857,-1.088899702282092,-0.3650634365756683,1,1,1
Pita Bread (1 whole wheat),Grain,170,6.0,35.0,1.5,5.0,2.0,Snack,0,0.32,0.0,3.5294117647058822,0.8823529411764706,20.588235294117645,2.941176470588235,0.6828725511374538,0.9610030555496052,2,1,1
Pork Chop (4oz grilled),Protein/Meat,220,16.75,0.0,10.0,0.0,0.0,Dinner,250,0.07,0.085,7.613636363636364,4.545454545454546,0.0,0.0,0.8304321690432006,-2.106517151976072,1,0,1
Mashed Potatoes (1 cup),Vegetable,230,4.0,35.0,8.0,3.0,2.0,Dinner,0,0.35,0.015,1.7391304347826086,3.4782608695652173,15.217391304347828,1.3043478260869563,0.9297944995285876,0.5513541322269071,2,1,1
Corn (1 cup),Vegetable,132,4.7,30.0,1.8,3.6,8.9,Dinner,0,0.002,0.0,3.560606060606061,1.3636363636363638,22.727272727272727,2.7272727272727275,-0.1425931958206581,1.3497354734134233,2,1,1
Soda (1 can Coke),Beverage,140,0.0,39.0,0.0,0.0,39.0,Snack,355,0.045,0.0,0.0,0.0,27.857142857142858,0.0,-0.4446022726642885,3.7487055373585534,2,1,1
Pretzels (1 oz),Grain/Processed,110,3.0,23.0,1.0,1.0,1.0,Snack,0,0.45,0.0,2.727272727272727,0.9090909090909092,20.909090909090907,0.9090909090909092,-0.4132709926220967,0.1077346751523724,1,1,1
Cheddar Cheese (1 oz),Dairy,115,7.0,1.0,9.5,0.0,0.5,Snack,0,0.18,0.03,6.086956521739131,8.26086956521739,0.8695652173913043,0.0,-0.4342535440325711,-1.230818693448035,1,1,1
Caesar Salad (with chicken),Meal/Protein,470,16.75,15.0,30.0,3.0,3.0,Lunch,250,0.89,0.075,3.563829787234043,6.382978723404255,3.191489361702128,0.6382978723404255,4.412986033903378,-1.7104569397091904,0,0,1
Orange Juice (1 cup),Beverage,112,1.7,25.8,0.5,0.7,20.8,Breakfast,240,0.002,0.0,1.5178571428571428,0.4464285714285714,23.03571428571429,0.625,-0.8402242093678973,1.9481260361313488,2,1,1
Bacon (2 slices cooked),Protein/Meat,86,6.0,0.2,6.8,0.0,0.1,Breakfast,0,0.33,0.018,6.976744186046512,7.906976744186046,0.2325581395348837,0.0,-0.6501899342154202,-1.1587864982647609,1,1,1
Waffles (2 homemade),Grain,220,6.0,28.0,9.0,1.5,3.0,Breakfast,0,0.42,0.045,2.727272727272727,4.090909090909091,12.727272727272728,0.6818181818181818,1.0329871195877114,-0.1628482232113877,2,1,1
Pear,Fruit,101,0.6,27.0,0.2,5.5,16.0,Snack,0,0.002,0.0,0.594059405940594,0.198019801980198,26.73267326732673,5.445544554455446,-0.3248527201200047,2.222386097813928,2,1,1
Chicken Breast (4oz roasted),Protein/Meat,185,16.75,0.0,4.0,0.0,0.0,Lunch,500,0.08,0.095,9.054054054054054,2.1621621621621623,0.0,0.0,0.4922212443776484,-2.0706515335845403,1,0,1
Mixed Nuts (1/4 cup),Nut,200,6.0,8.0,18.0,3.0,2.0,Snack,0,0.001,0.0,3.0,9.0,4.0,1.5,0.3635556548894333,-0.3354907880431244,2,1,1
Tilapia (4oz baked),Protein/Fish,110,16.75,0.0,2.5,0.0,0.0,Dinner,0,0.05,0.05,15.227272727272728,2.272727272727273,0.0,0.0,-0.178341493459546,-1.6744885321155003,1,0,1
Asparagus (1 cup steamed),Vegetable,40,4.3,7.4,0.4,3.6,3.5,Dinner,0,0.004,0.0,10.75,1.0,18.5,9.0,-1.0823828304179677,0.2441930171670956,1,1,1
Sweet Potato (1 medium baked),Vegetable,103,2.3,23.6,0.2,3.8,7.4,Dinner,0,0.041,0.0,2.233009708737864,0.1941747572815534,22.912621359223305,3.689320388349514,-0.5614693978397302,1.1712454131188283,2,1,1
Popcorn (3 cups air-popped),Grain,93,3.0,18.6,1.1,3.6,0.1,Snack,250,0.002,0.0,3.225806451612903,1.1827956989247312,20.0,3.870967741935484,-0.7685738485686632,0.3959232771588423,1,1,1
Raisins (1/4 cup),Fruit,130,1.3,34.0,0.2,1.6,25.0,Snack,0,0.005,0.0,1.0,0.1538461538461538,26.15384615384616,1.2307692307692308,-0.4717584308266679,2.65896072324376,2,1,1
Macaroni & Cheese (1 cup),Meal/Pasta,350,10.0,40.0,17.0,2.0,5.0,Lunch,250,0.75,0.04,2.857142857142857,4.857142857142857,11.428571428571429,0.5714285714285714,2.877463300355952,0.0081705115285081,0,1,1
Tomato Soup (1 can),Meal/Vegetable,170,4.0,25.0,6.0,4.0,15.0,Lunch,0,0.9,0.01,2.3529411764705883,3.5294117647058822,14.705882352941178,2.3529411764705883,1.3739758233285129,1.1650209631444093,2,1,1
Grilled Cheese Sandwich,Meal/Processed,390,15.0,32.0,22.0,3.0,4.0,Lunch,0,0.8,0.06,3.8461538461538463,5.641025641025641,8.205128205128204,0.7692307692307693,3.772308778846941,-0.7104981119677002,0,1,1
Beef Tacos (2 hard shell),Meal/Meat,380,16.75,28.0,22.0,5.0,3.0,Dinner,500,0.6,0.05,4.407894736842105,5.789473684210527,7.368421052631578,1.3157894736842104,3.7258241448410834,-0.5857907304361178,0,0,1
Refried Beans (1/2 cup),Legume,115,7.0,19.0,1.0,6.0,1.0,Dinner,0,0.48,0.0,6.086956521739131,0.8695652173913043,16.52173913043478,5.217391304347826,0.5399674421969581,0.3748952519308606,2,1,1
Guacamole (1/4 cup),Vegetable/Condiment,90,1.0,4.0,8.0,3.0,0.5,Dinner,0,0.12,0.0,1.1111111111111112,8.88888888888889,4.444444444444445,3.333333333333333,-0.8069227179942304,-0.2244896051991115,1,1,1
Watermelon (1 cup diced),Fruit,46,0.9,11.5,0.2,0.6,9.4,Snack,0,0.002,0.0,1.956521739130435,0.4347826086956521,25.0,1.3043478260869563,-1.5789543731864792,0.6333010601213744,1,1,1
English Muffin (whole wheat),Grain,134,6.0,26.0,1.0,4.4,1.0,Breakfast,250,0.21,0.0,4.477611940298507,0.7462686567164178,19.402985074626866,3.2835820895522394,0.1137312976237656,0.5817526766363269,2,1,1
Peanut Butter & Jelly Sandwich,Meal/Processed,390,12.0,50.0,17.0,5.0,20.0,Lunch,250,0.45,0.0,3.076923076923077,4.358974358974359,12.82051282051282,1.282051282051282,3.306467366531302,2.217362991172409,2,1,1
Clam Chowder (1 cup),Meal/Seafood,200,10.0,18.0,9.0,1.0,2.0,Lunch,0,0.87,0.03,5.0,4.5,9.0,0.5,1.420757712214463,-0.8680905526904334,2,1,1
Iced Tea (Sweetened 16oz),Beverage,180,0.0,46.0,0.0,0.0,46.0,Snack,500,0.015,0.0,0.0,0.0,25.555555555555557,0.0,-0.1200922544859272,4.532843969760304,2,1,1
Lasagna (1 serving meat),Meal/Pasta,350,16.75,30.0,17.0,4.0,7.0,Dinner,250,0.85,0.055,4.785714285714286,4.857142857142857,8.571428571428571,1.1428571428571428,3.6722437730875,-0.384906159674464,0,0,1
Garlic Bread (1 slice),Grain,150,4.0,18.0,7.0,1.0,1.0,Dinner,0,0.31,0.0,2.666666666666667,4.666666666666667,12.0,0.6666666666666667,-0.1895553424352029,-0.1502988469869667,1,1,1
Chocolate Milk (1 cup),Beverage/Dairy,200,8.0,26.0,8.0,1.0,24.0,Snack,0,0.16,0.03,4.0,4.0,13.0,0.5,0.758595109532721,1.4968735051994455,2,1,1
White Bread (1 slice),Grain,70,2.0,13.0,1.0,0.6,1.2,Breakfast,0,0.14,0.0,2.857142857142857,1.4285714285714286,18.571428571428573,0.8571428571428572,-1.2720142558929268,-0.0666663422067743,1,1,1
Jelly (1 tbsp grape),Condiment,50,0.0,13.0,0.0,0.1,12.0,Breakfast,0,0.005,0.0,0.0,0.0,26.0,0.2,-1.643028614250332,0.8654957968689206,1,1,1
Veggie Burger (1 patty),Protein/Vegetarian,120,11.0,10.0,4.0,5.0,1.0,Lunch,250,0.35,0.0,9.166666666666666,3.333333333333333,8.333333333333332,4.166666666666666,0.4931425711610829,-0.2034323574502164,2,1,1
Bun (hamburger),Grain,140,4.0,26.0,2.0,1.0,4.0,Lunch,0,0.26,0.0,2.857142857142857,1.4285714285714286,18.571428571428573,0.7142857142857143,-0.335172100088034,0.4627185186219533,2,1,1
Ketchup (1 tbsp),Condiment,20,0.2,5.0,0.1,0.2,4.0,Lunch,0,0.16,0.0,1.0,0.5,25.0,1.0,-1.7755905412619832,-0.0780503426964485,1,1,1
Muffin (Blueberry 1 large),Grain/Dessert,380,5.0,55.0,16.0,2.0,30.0,Breakfast,250,0.35,0.05,1.3157894736842104,4.2105263157894735,14.473684210526317,0.5263157894736842,2.7482448701787154,2.738984302492052,2,1,1
Coffee (with cream/sugar),Beverage,50,0.5,5.0,3.0,0.0,4.5,Breakfast,250,0.01,0.01,1.0,6.0,10.0,0.0,-1.6523526763081549,-0.1471115226313865,1,1,1
Potato Chips (1 oz),Snack/Processed,160,2.0,15.0,10.0,1.0,0.5,Snack,0,0.17,0.0,1.25,6.25,9.375,0.625,-0.3903294066967737,-0.196579449735551,1,1,1
Tzatziki Sauce (2 tbsp),Condiment/Dairy,30,1.5,2.0,2.0,0.0,1.5,Dinner,0,0.1,0.005,5.0,6.666666666666667,6.666666666666667,0.0,-1.7180121820863994,-0.4974362957185126,1,1,1
Pancakes (2 medium),Grain,180,5.0,30.0,5.0,1.0,6.0,Breakfast,0,0.45,0.025,2.7777777777777777,2.7777777777777777,16.666666666666664,0.5555555555555556,0.5367992598238513,0.3461929924286155,2,1,1
Maple Syrup (2 tbsp),Condiment,104,0.0,27.0,0.0,0.0,24.0,Breakfast,0,0.002,0.0,0.0,0.0,25.961538461538463,0.0,-1.046494126870503,2.231899244184671,2,1,1
Sausage Link (1 cooked),Protein/Meat,85,5.0,1.0,7.0,0.0,0.5,Breakfast,0,0.3,0.02,5.88235294117647,8.235294117647058,1.1764705882352942,0.0,-0.7161103043959453,-1.0680943230245508,1,1,1
Smoothie (Fruit & Yogurt),Beverage/Meal,280,12.0,55.0,3.0,7.0,40.0,Breakfast,250,0.07,0.005,4.285714285714286,1.0714285714285714,19.642857142857142,2.5,2.408260046097259,4.543548127129503,2,1,1
Tofu (4oz firm),Protein/Vegetarian,90,10.0,3.0,5.0,2.0,1.0,Lunch,0,0.01,0.0,11.11111111111111,5.555555555555555,3.333333333333333,2.2222222222222223,-0.6251124186798805,-0.6056683713348378,1,1,1
Brown Rice (1 cup cooked),Grain,215,5.0,45.0,1.8,3.5,0.4,Lunch,0,0.01,0.0,2.3255813953488373,0.8372093023255814,20.930232558139537,1.627906976744186,0.3662102594486054,1.1725144503636284,2,1,1
Bell Pepper (1 medium red),Vegetable,31,1.2,6.0,0.3,2.1,4.2,Lunch,0,0.004,0.0,3.870967741935484,0.967741935483871,19.35483870967742,6.774193548387098,-1.5657459182313604,0.214893332919064,1,1,1
Hummus (2 tbsp),Legume,70,2.0,4.0,5.0,2.0,0.0,Snack,0,0.13,0.0,2.857142857142857,7.142857142857142,5.714285714285714,2.857142857142857,-1.088899702282092,-0.3650634365756683,1,1,1
Pita Bread (1 whole wheat),Grain,170,6.0,35.0,1.5,5.0,2.0,Snack,0,0.32,0.0,3.5294117647058822,0.8823529411764706,20.588235294117645,2.941176470588235,0.6828725511374538,0.9610030555496052,2,1,1
Pork Chop (4oz grilled),Protein/Meat,220,16.75,0.0,10.0,0.0,0.0,Dinner,250,0.07,0.085,7.613636363636364,4.545454545454546,0.0,0.0,0.8304321690432006,-2.106517151976072,1,0,1
Mashed Potatoes (1 cup),Vegetable,230,4.0,35.0,8.0,3.0,2.0,Dinner,0,0.35,0.015,1.7391304347826086,3.4782608695652173,15.217391304347828,1.3043478260869563,0.9297944995285876,0.5513541322269071,2,1,1
Corn (1 cup),Vegetable,132,4.7,30.0,1.8,3.6,8.9,Dinner,0,0.002,0.0,3.560606060606061,1.3636363636363638,22.727272727272727,2.7272727272727275,-0.1425931958206581,1.3497354734134233,2,1,1
Soda (1 can Coke),Beverage,140,0.0,39.0,0.0,0.0,39.0,Snack,355,0.045,0.0,0.0,0.0,27.857142857142858,0.0,-0.4446022726642885,3.7487055373585534,2,1,1
Pretzels (1 oz),Grain/Processed,110,3.0,23.0,1.0,1.0,1.0,Snack,0,0.45,0.0,2.727272727272727,0.9090909090909092,20.909090909090907,0.9090909090909092,-0.4132709926220967,0.1077346751523724,1,1,1
Cheddar Cheese (1 oz),Dairy,115,7.0,1.0,9.5,0.0,0.5,Snack,0,0.18,0.03,6.086956521739131,8.26086956521739,0.8695652173913043,0.0,-0.4342535440325711,-1.230818693448035,1,1,1
Caesar Salad (with chicken),Meal/Protein,470,16.75,15.0,30.0,3.0,3.0,Lunch,250,0.89,0.075,3.563829787234043,6.382978723404255,3.191489361702128,0.6382978723404255,4.412986033903378,-1.7104569397091904,0,0,1
Orange Juice (1 cup),Beverage,112,1.7,25.8,0.5,0.7,20.8,Breakfast,240,0.002,0.0,1.5178571428571428,0.4464285714285714,23.03571428571429,0.625,-0.8402242093678973,1.9481260361313488,2,1,1
Bacon (2 slices cooked),Protein/Meat,86,6.0,0.2,6.8,0.0,0.1,Breakfast,0,0.33,0.018,6.976744186046512,7.906976744186046,0.2325581395348837,0.0,-0.6501899342154202,-1.1587864982647609,1,1,1
Waffles (2 homemade),Grain,220,6.0,28.0,9.0,1.5,3.0,Breakfast,0,0.42,0.045,2.727272727272727,4.090909090909091,12.727272727272728,0.6818181818181818,1.0329871195877114,-0.1628482232113877,2,1,1
Pear,Fruit,101,0.6,27.0,0.2,5.5,16.0,Snack,0,0.002,0.0,0.594059405940594,0.198019801980198,26.73267326732673,5.445544554455446,-0.3248527201200047,2.222386097813928,2,1,1
Chicken Breast (4oz roasted),Protein/Meat,185,16.75,0.0,4.0,0.0,0.0,Lunch,500,0.08,0.095,9.054054054054054,2.1621621621621623,0.0,0.0,0.4922212443776484,-2.0706515335845403,1,0,1
Mixed Nuts (1/4 cup),Nut,200,6.0,8.0,18.0,3.0,2.0,Snack,0,0.001,0.0,3.0,9.0,4.0,1.5,0.3635556548894333,-0.3354907880431244,2,1,1
Tilapia (4oz baked),Protein/Fish,110,16.75,0.0,2.5,0.0,0.0,Dinner,0,0.05,0.05,15.227272727272728,2.272727272727273,0.0,0.0,-0.178341493459546,-1.6744885321155003,1,0,1
Asparagus (1 cup steamed),Vegetable,40,4.3,7.4,0.4,3.6,3.5,Dinner,0,0.004,0.0,10.75,1.0,18.5,9.0,-1.0823828304179677,0.2441930171670956,1,1,1
Sweet Potato (1 medium baked),Vegetable,103,2.3,23.6,0.2,3.8,7.4,Dinner,0,0.041,0.0,2.233009708737864,0.1941747572815534,22.912621359223305,3.689320388349514,-0.5614693978397302,1.1712454131188283,2,1,1
Popcorn (3 cups air-popped),Grain,93,3.0,18.6,1.1,3.6,0.1,Snack,250,0.002,0.0,3.225806451612903,1.1827956989247312,20.0,3.870967741935484,-0.7685738485686632,0.3959232771588423,1,1,1
Raisins (1/4 cup),Fruit,130,1.3,34.0,0.2,1.6,25.0,Snack,0,0.005,0.0,1.0,0.1538461538461538,26.15384615384616,1.2307692307692308,-0.4717584308266679,2.65896072324376,2,1,1
Macaroni & Cheese (1 cup),Meal/Pasta,350,10.0,40.0,17.0,2.0,5.0,Lunch,250,0.75,0.04,2.857142857142857,4.857142857142857,11.428571428571429,0.5714285714285714,2.877463300355952,0.0081705115285081,0,1,1
Tomato Soup (1 can),Meal/Vegetable,170,4.0,25.0,6.0,4.0,15.0,Lunch,0,0.9,0.01,2.3529411764705883,3.5294117647058822,14.705882352941178,2.3529411764705883,1.3739758233285129,1.1650209631444093,2,1,1
Grilled Cheese Sandwich,Meal/Processed,390,15.0,32.0,22.0,3.0,4.0,Lunch,0,0.8,0.06,3.8461538461538463,5.641025641025641,8.205128205128204,0.7692307692307693,3.772308778846941,-0.7104981119677002,0,1,1
Beef Tacos (2 hard shell),Meal/Meat,380,16.75,28.0,22.0,5.0,3.0,Dinner,500,0.6,0.05,4.407894736842105,5.789473684210527,7.368421052631578,1.3157894736842104,3.7258241448410834,-0.5857907304361178,0,0,1
Refried Beans (1/2 cup),Legume,115,7.0,19.0,1.0,6.0,1.0,Dinner,0,0.48,0.0,6.086956521739131,0.8695652173913043,16.52173913043478,5.217391304347826,0.5399674421969581,0.3748952519308606,2,1,1
Guacamole (1/4 cup),Vegetable/Condiment,90,1.0,4.0,8.0,3.0,0.5,Dinner,0,0.12,0.0,1.1111111111111112,8.88888888888889,4.444444444444445,3.333333333333333,-0.8069227179942304,-0.2244896051991115,1,1,1
Watermelon (1 cup diced),Fruit,46,0.9,11.5,0.2,0.6,9.4,Snack,0,0.002,0.0,1.956521739130435,0.4347826086956521,25.0,1.3043478260869563,-1.5789543731864792,0.6333010601213744,1,1,1
English Muffin (whole wheat),Grain,134,6.0,26.0,1.0,4.4,1.0,Breakfast,250,0.21,0.0,4.477611940298507,0.7462686567164178,19.402985074626866,3.2835820895522394,0.1137312976237656,0.5817526766363269,2,1,1
Peanut Butter & Jelly Sandwich,Meal/Processed,390,12.0,50.0,17.0,5.0,20.0,Lunch,250,0.45,0.0,3.076923076923077,4.358974358974359,12.82051282051282,1.282051282051282,3.306467366531302,2.217362991172409,2,1,1
Clam Chowder (1 cup),Meal/Seafood,200,10.0,18.0,9.0,1.0,2.0,Lunch,0,0.87,0.03,5.0,4.5,9.0,0.5,1.420757712214463,-0.8680905526904334,2,1,1
Iced Tea (Sweetened 16oz),Beverage,180,0.0,46.0,0.0,0.0,46.0,Snack,500,0.015,0.0,0.0,0.0,25.555555555555557,0.0,-0.1200922544859272,4.532843969760304,2,1,1
Lasagna (1 serving meat),Meal/Pasta,350,16.75,30.0,17.0,4.0,7.0,Dinner,250,0.85,0.055,4.785714285714286,4.857142857142857,8.571428571428571,1.1428571428571428,3.6722437730875,-0.384906159674464,0,0,1
Garlic Bread (1 slice),Grain,150,4.0,18.0,7.0,1.0,1.0,Dinner,0,0.31,0.0,2.666666666666667,4.666666666666667,12.0,0.6666666666666667,-0.1895553424352029,-0.1502988469869667,1,1,1
Chocolate Milk (1 cup),Beverage/Dairy,200,8.0,26.0,8.0,1.0,24.0,Snack,0,0.16,0.03,4.0,4.0,13.0,0.5,0.758595109532721,1.4968735051994455,2,1,1
White Bread (1 slice),Grain,70,2.0,13.0,1.0,0.6,1.2,Breakfast,0,0.14,0.0,2.857142857142857,1.4285714285714286,18.571428571428573,0.8571428571428572,-1.2720142558929268,-0.0666663422067743,1,1,1
Jelly (1 tbsp grape),Condiment,50,0.0,13.0,0.0,0.1,12.0,Breakfast,0,0.005,0.0,0.0,0.0,26.0,0.2,-1.643028614250332,0.8654957968689206,1,1,1
Veggie Burger (1 patty),Protein/Vegetarian,120,11.0,10.0,4.0,5.0,1.0,Lunch,250,0.35,0.0,9.166666666666666,3.333333333333333,8.333333333333332,4.166666666666666,0.4931425711610829,-0.2034323574502164,2,1,1
Bun (hamburger),Grain,140,4.0,26.0,2.0,1.0,4.0,Lunch,0,0.26,0.0,2.857142857142857,1.4285714285714286,18.571428571428573,0.7142857142857143,-0.335172100088034,0.4627185186219533,2,1,1
Ketchup (1 tbsp),Condiment,20,0.2,5.0,0.1,0.2,4.0,Lunch,0,0.16,0.0,1.0,0.5,25.0,1.0,-1.7755905412619832,-0.0780503426964485,1,1,1
Muffin (Blueberry 1 large),Grain/Dessert,380,5.0,55.0,16.0,2.0,30.0,Breakfast,250,0.35,0.05,1.3157894736842104,4.2105263157894735,14.473684210526317,0.5263157894736842,2.7482448701787154,2.738984302492052,2,1,1
Coffee (with cream/sugar),Beverage,50,0.5,5.0,3.0,0.0,4.5,Breakfast,250,0.01,0.01,1.0,6.0,10.0,0.0,-1.6523526763081549,-0.1471115226313865,1,1,1
Potato Chips (1 oz),Snack/Processed,160,2.0,15.0,10.0,1.0,0.5,Snack,0,0.17,0.0,1.25,6.25,9.375,0.625,-0.3903294066967737,-0.196579449735551,1,1,1
Tzatziki Sauce (2 tbsp),Condiment/Dairy,30,1.5,2.0,2.0,0.0,1.5,Dinner,0,0.1,0.005,5.0,6.666666666666667,6.666666666666667,0.0,-1.7180121820863994,-0.4974362957185126,1,1,1
Scallops (3oz seared),Protein/Seafood,95,16.75,5.0,1.0,0.0,0.0,Dinner,0,0.18,0.035,17.63157894736842,1.0526315789473684,5.263157894736842,0.0,-0.1370440728937157,-1.423042563467018,1,0,1
Risotto (Mushroom 1 cup),Meal/Grain,250,7.0,35.0,9.0,3.0,3.0,Dinner,0,0.6,0.02,2.8000000000000003,3.6,14.000000000000002,1.2,1.6181124023983195,0.3266658533171049,2,1,1
Caprese Salad,Meal/Vegetable,240,10.0,8.0,18.0,2.0,5.0,Lunch,250,0.35,0.04,4.166666666666666,7.5,3.333333333333333,0.8333333333333334,1.3843615061034784,-0.8747875074552401,2,1,1
Balsamic Vinaigrette (2 tbsp),Condiment,90,0.0,3.0,9.0,0.0,2.5,Lunch,0,0.3,0.0,0.0,10.0,3.333333333333333,0.0,-1.0181662542517798,-0.5101546929176527,1,1,1
Cherries (1 cup),Fruit,77,1.6,19.0,0.5,2.5,15.0,Snack,0,0.0,0.0,2.0779220779220777,0.6493506493506493,24.675324675324678,3.2467532467532463,-0.9239733378494432,1.4909573847626612,2,1,1
Turkey Bacon (2 slices),Protein/Meat,70,6.0,1.0,5.0,0.0,0.5,Breakfast,0,0.36,0.03,8.571428571428571,7.142857142857142,1.4285714285714286,0.0,-0.6532672976329638,-1.18330282385345,1,1,1
Grits (1 cup cooked),Grain,150,3.0,32.0,1.0,2.0,0.5,Breakfast,0,0.32,0.0,2.0,0.6666666666666667,21.333333333333336,1.3333333333333337,-0.1207365118389616,0.5406224607574497,2,1,1
Butter (1 tbsp),Condiment/Dairy,100,0.1,0.0,11.0,0.0,0.0,Breakfast,0,0.082,0.03,0.1,11.0,0.0,0.0,-1.0408382750795575,-0.9960302027950482,1,1,1
Meatball Sub (6 inch),Meal/Processed,580,16.75,55.0,27.0,6.0,10.0,Lunch,500,1.2,0.07,2.8879310344827585,4.655172413793104,9.482758620689657,1.0344827586206895,6.3291445810848455,0.4327703752810267,0,0,1
Kiwifruit (1 medium),Fruit,46,0.9,11.1,0.4,2.3,6.7,Snack,0,0.002,0.0,1.956521739130435,0.8695652173913043,24.130434782608692,5.0,-1.3698121066780236,0.6058262476001619,1,1,1
Beef Jerky (1 oz),Snack/Processed,116,9.4,3.1,7.2,0.5,2.5,Snack,0,0.59,0.03,8.10344827586207,6.206896551724138,2.6724137931034484,0.4310344827586206,0.2770026904257007,-1.1913583489226964,1,1,1
Figs (2 medium),Fruit,74,0.6,19.2,0.3,2.9,16.2,Snack,0,0.002,0.0,0.8108108108108109,0.4054054054054054,25.945945945945947,3.9189189189189193,-0.9367351742800444,1.6813250747463546,2,1,1
Lobster (3oz steamed),Protein/Seafood,76,16.0,0.0,0.7,0.0,0.0,Dinner,250,0.25,0.125,21.052631578947366,0.9210526315789472,0.0,0.0,0.3281781316838965,-2.339125546484601,1,1,1
Melted Butter (for lobster),Condiment,200,0.2,0.0,22.0,0.0,0.0,Dinner,0,0.164,0.06,0.1,11.0,0.0,0.0,0.1618315901875308,-1.5044642650211284,1,1,1
Corn on the Cob (1 large),Vegetable,125,5.0,29.0,1.5,3.0,5.0,Dinner,0,0.002,0.0,4.0,1.2,23.200000000000003,2.4,-0.3112747428092717,0.9417374146408768,2,1,1
Vegetable Soup (1 can),Meal/Vegetable,140,4.0,22.0,4.0,6.0,8.0,Lunch,250,0.78,0.005,2.857142857142857,2.857142857142857,15.714285714285714,4.285714285714286,1.1236494586571113,0.8973236104230184,2,1,1
Saltine Crackers (5 crackers),Grain/Processed,60,1.0,10.0,1.5,0.5,0.0,Lunch,0,0.14,0.0,1.6666666666666667,2.5,16.666666666666664,0.8333333333333334,-1.4409625223702374,-0.2355508859538853,1,1,1
Mango (1 cup slices),Fruit,99,1.4,24.7,0.6,2.6,22.5,Snack,0,0.002,0.0,1.414141414141414,0.6060606060606061,24.949494949494948,2.6262626262626263,-0.635421841244222,2.268588329535646,2,1,1
Cheesecake (1 slice),Dessert,320,5.0,28.0,21.0,1.0,20.0,Snack,250,0.28,0.065,1.5625,6.5625,8.75,0.3125,1.989616123067052,0.7821664890441206,2,1,1
Pad Thai (Chicken 1.5 cups),Meal/Pasta,550,16.75,60.0,22.0,5.0,10.0,Dinner,500,0.95,0.07,3.0454545454545454,4.0,10.909090909090908,0.9090909090909092,5.625028652953904,0.6895400432966544,0,0,1
Spring Roll (Veg 2 rolls),Snack/Processed,180,4.0,25.0,7.0,3.0,3.0,Dinner,0,0.45,0.0,2.2222222222222223,3.888888888888889,13.88888888888889,1.6666666666666667,0.5391339699469131,0.4005567500897159,2,1,1
Coconut Water (1 cup),Beverage,46,1.7,8.9,0.5,2.6,6.3,Snack,240,0.252,0.0,3.695652173913044,1.0869565217391304,19.347826086956523,5.652173913043479,-1.001348060632345,0.3909493928614251,1,1,1
Kimchi (1/2 cup),Vegetable,22,1.7,4.0,0.4,2.4,1.5,Side,0,0.75,0.0,7.727272727272727,1.8181818181818183,18.181818181818183,10.909090909090908,-0.6438600948827591,-0.3856122821275147,1,1,1
Sashimi (Salmon 3 pcs),Protein/Fish,120,16.75,0.0,5.0,0.0,0.0,Lunch,0,0.045,0.04,13.958333333333334,4.166666666666666,0.0,0.0,-0.0935001810974949,-1.6417592299647572,1,0,1
Wasabi (1 tsp),Condiment,10,0.1,2.2,0.1,0.3,1.0,Lunch,0,0.04,0.0,1.0,1.0,22.000000000000004,3.0,-2.04749700995207,-0.3286159654575927,1,1,1
Seaweed Salad (1/2 cup),Vegetable,60,2.0,8.0,3.0,2.0,4.0,Lunch,0,0.35,0.0,3.333333333333333,5.0,13.333333333333334,3.333333333333333,-0.8141245053674306,0.0078383138055331,1,1,1
French Onion Soup (1 cup),Meal,150,6.0,15.0,7.0,2.0,5.0,Lunch,250,0.8,0.02,4.0,4.666666666666667,10.0,1.3333333333333337,0.8304870849434078,-0.3002829574134708,2,1,1
Croutons (1/4 cup),Grain,50,1.5,7.0,2.0,0.5,0.5,Lunch,0,0.14,0.0,3.0,4.0,14.000000000000002,1.0,-1.471312603722743,-0.3282491535266288,1,1,1
Shepherd's Pie (1 serving),Meal/Meat,400,16.75,35.0,20.0,6.0,7.0,Dinner,250,0.85,0.055,4.1875,5.0,8.75,1.5,4.376392698194761,-0.0470769088804405,0,0,1
Green Peas (1/2 cup),Legume,62,4.1,11.1,0.2,4.4,4.2,Dinner,0,0.002,0.0,6.61290322580645,0.3225806451612903,17.903225806451612,7.096774193548387,-0.8371334192057936,0.528890106071341,1,1,1
Apple Pie (1 slice),Dessert,410,3.0,58.0,19.0,3.0,25.0,Snack,0,0.32,0.0,0.7317073170731708,4.634146341463414,14.146341463414632,0.7317073170731708,2.6267484602948823,3.031309490141572,2,1,1
Gin & Tonic (1 drink),Beverage,170,0.0,13.0,0.0,0.0,13.0,Snack,180,0.002,0.0,0.0,0.0,7.647058823529412,0.0,-1.2474504893164453,0.9843805348856908,1,1,1
Red Wine (5 oz glass),Beverage,125,0.1,3.8,0.0,0.0,0.9,Dinner,0,0.006,0.0,0.08,0.0,3.04,0.0,-1.7204661109629862,-0.2531796462339778,1,1,1
Halibut (4oz baked),Protein/Fish,125,16.75,0.0,2.5,0.0,0.0,Dinner,250,0.06,0.04,13.4,2.0,0.0,0.0,-0.1835100598380378,-1.5879414382165449,1,0,1
Quinoa Salad (1 cup),Meal/Vegetarian,260,9.0,32.0,12.0,6.0,4.0,Lunch,250,0.3,0.0,3.4615384615384617,4.615384615384616,12.307692307692308,2.307692307692308,1.7974265677985064,0.8085494573829457,2,1,1
Lemonade (1 cup),Beverage,99,0.1,26.0,0.0,0.1,25.0,Snack,240,0.03,0.0,0.101010101010101,0.0,26.262626262626267,0.101010101010101,-1.015963577112408,2.269716467134618,2,1,1
Pistachios (1 oz shelled),Nut,159,5.7,7.7,12.8,3.0,2.2,Snack,0,0.002,0.0,3.5849056603773586,8.050314465408807,4.8427672955974845,1.8867924528301887,-0.0587655174369674,-0.213250509191841,1,1,1
Oat Milk (1 cup),Beverage/Dairy-Alt,120,3.0,16.0,5.0,2.0,7.0,Breakfast,0,0.1,0.0,2.5,4.166666666666666,13.333333333333334,1.6666666666666667,-0.5566148122005465,0.5349199186330094,1,1,1
Biscuits and Gravy (1 serving),Meal/Processed,480,10.0,45.0,28.0,2.0,3.0,Breakfast,250,1.1,0.035,2.083333333333333,5.833333333333333,9.375,0.4166666666666667,4.355526249056572,-0.3064608592343805,0,1,1
Avocado (1/2 fruit),Fruit,160,2.0,8.5,14.7,6.7,0.7,Breakfast,0,0.007,0.0,1.25,9.1875,5.3125,4.1875,0.3080770085776489,0.2392855533339469,2,1,1
Corn Flakes (1 cup),Grain,100,2.0,24.0,0.0,1.0,3.0,Breakfast,0,0.2,0.0,2.0,0.0,24.0,1.0,-0.8385367784388333,0.4678897095134896,1,1,1
T-Bone Steak (6oz),Protein/Meat,460,16.75,0.0,33.0,0.0,0.0,Dinner,0,0.11,0.105,3.641304347826087,7.173913043478261,0.0,0.0,2.977084988539823,-2.7262184670938856,0,0,1
Creamed Spinach (1/2 cup),Vegetable,190,5.0,8.0,16.0,3.0,2.0,Dinner,0,0.45,0.05,2.631578947368421,8.421052631578947,4.2105263157894735,1.5789473684210529,1.0677583198859095,-0.875660214552514,2,1,1
Pecans (1 oz),Nut,196,2.6,3.9,20.4,2.7,1.1,Snack,0,0.0,0.0,1.326530612244898,10.408163265306122,1.9897959183673468,1.3775510204081634,0.0940200170542144,-0.4751710602859467,1,1,1
Fruit Cocktail (canned 1 cup),Fruit,110,1.0,28.0,0.0,2.0,26.0,Snack,0,0.01,0.0,0.9090909090909092,0.0,25.454545454545453,1.818181818181818,-0.6208517145430361,2.6022917773924723,2,1,1
Ramen (Instant 1 pack),Meal/Processed,380,9.0,53.0,14.0,2.0,2.0,Lunch,500,1.58,0.0,2.368421052631579,3.684210526315789,13.94736842105263,0.5263157894736842,3.7715605285784495,0.2704448502129704,0,1,1
Mocha Latte (16oz),Beverage,360,12.0,48.0,15.0,2.0,42.0,Snack,473,0.15,0.045,3.333333333333333,4.166666666666666,13.333333333333334,0.5555555555555556,2.826518882934543,3.282328007821352,2,1,1
Cucumber Slices (1 cup),Vegetable,16,0.7,3.6,0.1,0.5,1.7,Snack,0,0.002,0.0,4.375,0.625,22.5,3.125,-1.9680065989728996,-0.2148406019359963,1,1,1
Feta Cheese (1 oz),Dairy,75,4.0,1.2,6.1,0.0,0.7,Lunch,0,0.316,0.025,5.333333333333334,8.133333333333333,1.6,0.0,-0.8037874530262696,-1.0357723570102144,1,1,1
Olives (Kalamata 5 large),Fruit,35,0.2,1.0,3.5,0.5,0.0,Lunch,0,0.21,0.0,0.5714285714285714,10.0,2.857142857142857,1.4285714285714286,-1.5795676352666967,-0.5692876832191441,1,1,1
Chicken Alfredo (1.5 cups),Meal/Pasta,680,16.75,45.0,38.0,4.0,5.0,Dinner,250,0.98,0.12,2.463235294117647,5.588235294117648,6.61764705882353,0.5882352941176471,6.7298110941053535,-1.0273164584428964,0,0,1
Breadstick (1 large),Grain,160,4.0,28.0,3.0,1.0,2.0,Dinner,0,0.35,0.0,2.5,1.875,17.5,0.625,-0.0857524739764773,0.3162395101484082,2,1,1
Cobb Salad,Meal/Protein,510,16.75,12.0,38.0,7.0,6.0,Lunch,500,0.8,0.21,3.2843137254901964,7.450980392156863,2.3529411764705883,1.3725490196078431,6.2888691130752274,-2.381659349723239,0,0,1
Blue Cheese Dressing (2 tbsp),Condiment,150,1.0,2.0,16.0,0.0,1.0,Lunch,0,0.32,0.01,0.6666666666666667,10.666666666666668,1.3333333333333337,0.0,-0.3407783486506511,-0.9306014415782542,1,1,1
Mandarin Orange (1 medium),Fruit,37,0.6,9.3,0.2,1.3,7.3,Snack,0,0.001,0.0,1.6216216216216215,0.5405405405405406,25.13513513513514,3.5135135135135136,-1.6034527711580135,0.4947300232687218,1,1,1
Cashews (1 oz roasted),Nut,163,4.3,9.2,13.1,0.9,1.4,Snack,0,0.14,0.0,2.638036809815951,8.03680981595092,5.644171779141104,0.5521472392638037,-0.2267916037939684,-0.4771448736333893,1,1,1
Eggo Waffle (2 waffles),Grain/Processed,180,4.0,30.0,5.0,1.0,4.0,Breakfast,0,0.4,0.0,2.2222222222222223,2.7777777777777777,16.666666666666664,0.5555555555555556,0.2103048646213895,0.4707237233624359,2,1,1
Diet Soda (1 can),Beverage,0,0.0,0.0,0.0,0.0,0.0,Lunch,355,0.04,0.0,,,,,-2.1929216859290666,-0.5057357143693834,1,1,1
Pulled Pork Sandwich,Meal/Meat,480,16.75,48.0,20.0,3.0,15.0,Lunch,250,0.9,0.075,3.489583333333333,4.166666666666666,10.0,0.625,4.787260183688625,0.4655630853991171,0,0,1
Macadamia Nuts (1 oz),Nut,204,2.2,3.9,21.5,2.4,1.3,Snack,0,0.001,0.0,1.0784313725490198,10.53921568627451,1.9117647058823528,1.1764705882352942,0.1096386219468447,-0.4996981129545921,1,1,1
Crab Cakes (2 medium),Meal/Seafood,340,16.75,18.0,20.0,1.0,2.0,Dinner,250,0.7,0.12,4.926470588235294,5.88235294117647,5.294117647058823,0.2941176470588235,3.310456065249858,-2.042194422856861,0,0,1
Tartar Sauce (2 tbsp),Condiment,60,0.2,2.0,5.5,0.1,1.5,Dinner,0,0.18,0.005,0.3333333333333333,9.166666666666666,3.333333333333333,0.1666666666666666,-1.416980756295001,-0.5340814815019768,1,1,1
Lemon Bar (1 square),Dessert,150,1.5,22.0,6.0,0.5,15.0,Snack,0,0.08,0.03,1.0,4.0,14.666666666666666,0.3333333333333333,-0.3233264916098196,0.9710409784876428,2,1,1
Almond Milk (Unsweetened 1 cup),Beverage/Dairy-Alt,30,1.0,1.0,2.5,1.0,0.0,Breakfast,240,0.16,0.0,3.333333333333333,8.333333333333332,3.333333333333333,3.333333333333333,-1.5837142520795728,-0.5026258125212686,1,1,1
Rice Krispies (1.5 cups),Grain,160,3.0,37.0,0.5,0.5,4.0,Breakfast,0,0.29,0.0,1.875,0.3125,23.125,0.3125,-0.2156973643778227,0.820143290123742,2,1,1
Sugar (1 tsp for cereal),Condiment,16,0.0,4.0,0.0,0.0,4.0,Breakfast,0,0.0,0.0,0.0,0.0,25.0,0.0,-2.059348478129986,-0.0502923859878718,1,1,1
Tuna (Canned 3oz in water),Protein/Fish,90,16.75,0.0,1.0,0.0,0.0,Lunch,0,0.25,0.035,18.61111111111111,1.1111111111111112,0.0,0.0,-0.1698328275104088,-1.6121058625916935,1,0,1
Mayonnaise (1 tbsp),Condiment,90,0.1,0.1,10.0,0.0,0.1,Lunch,0,0.07,0.005,0.1111111111111111,11.11111111111111,0.1111111111111111,0.0,-1.3065822111828442,-0.749543037196114,1,1,1
Pickle (1 spear dill),Vegetable,5,0.2,1.0,0.1,0.3,0.5,Lunch,0,0.3,0.0,4.0,2.0,20.0,6.0,-1.7594162438141825,-0.5285837520207092,1,1,1
Lobster Bisque (1 cup),Meal/Seafood,250,8.0,12.0,18.0,1.0,3.0,Lunch,250,0.85,0.05,3.2,7.199999999999999,4.8,0.4,1.89827798709702,-1.238807016202368,0,1,1
Reuben Sandwich,Meal/Processed,650,16.75,35.0,40.0,5.0,6.0,Lunch,500,1.5,0.1,2.576923076923077,6.153846153846154,5.384615384615385,0.7692307692307693,7.194772800469442,-1.2722191206157112,0,0,1
Sauerkraut (1/4 cup side),Vegetable,7,0.3,1.5,0.0,1.0,0.6,Lunch,0,0.234,0.0,4.285714285714286,0.0,21.428571428571427,14.285714285714285,-1.7241473429086516,-0.3958126964178333,1,1,1
Mushroom (White 1 cup sliced),Vegetable,15,2.2,2.3,0.2,0.7,1.4,Dinner,0,0.004,0.0,14.666666666666666,1.3333333333333337,15.333333333333332,4.666666666666666,-1.8617899443148596,-0.3242217594279272,1,1,1
Soy Milk (Original 1 cup),Beverage/Dairy-Alt,110,8.0,9.0,4.5,2.0,6.0,Breakfast,240,0.125,0.0,7.272727272727272,4.090909090909091,8.181818181818182,1.818181818181818,-0.3931490783549776,0.0188475812851857,1,1,1
Chicken Tikka Masala (1.5 cups),Meal/Meat,480,16.75,20.0,30.0,5.0,8.0,Dinner,250,0.9,0.095,3.489583333333333,6.25,4.166666666666666,1.0416666666666663,5.039747038737271,-1.110839886133771,0,0,1
Naan Bread (1 piece),Grain,260,8.0,45.0,5.0,2.0,3.0,Dinner,0,0.45,0.01,3.076923076923077,1.9230769230769231,17.307692307692307,0.7692307692307693,1.3309223595496993,0.7282060347255709,2,1,1
Cucumber Salad (1/2 cup),Vegetable,40,1.0,5.0,2.0,1.0,4.0,Dinner,0,0.2,0.0,2.5,5.0,12.5,2.5,-1.394196857840322,-0.0744013779177188,1,1,1
Vodka Soda (1 drink),Beverage,100,0.0,0.0,0.0,0.0,0.0,Snack,180,0.005,0.0,0.0,0.0,0.0,0.0,-1.902431082607858,-0.446095407839682,1,1,1
Chocolate Croissant,Dessert,350,6.0,40.0,19.0,3.0,15.0,Breakfast,250,0.3,0.04,1.7142857142857144,5.428571428571429,11.428571428571429,0.8571428571428572,2.388060921696314,1.221102601953358,2,1,1
Sweet & Sour Chicken (1 cup),Meal/Processed,380,16.75,45.0,15.0,3.0,25.0,Dinner,0,0.75,0.05,4.407894736842105,3.947368421052632,11.842105263157894,0.7894736842105263,3.8958981619251274,1.490386115742719,0,0,1
Egg Drop Soup (1 cup),Meal/Vegetable,65,5.0,6.0,2.0,0.5,1.0,Dinner,0,0.78,0.05,7.6923076923076925,3.076923076923077,9.230769230769232,0.7692307692307693,-0.0425959124348037,-1.1800713536255745,1,1,1
String Cheese (1 stick),Dairy,80,6.0,1.0,6.0,0.0,0.0,Snack,0,0.21,0.02,7.5,7.5,1.25,0.0,-0.8330995210793046,-1.088033075039235,1,1,1
Turkey Burger (1 patty),Protein/Meat,160,16.75,2.0,8.0,0.0,1.0,Lunch,250,0.4,0.07,10.46875,5.0,1.25,0.0,0.8978670521128685,-1.9703076858278743,1,0,1
Potato Salad (1/2 cup),Meal/Vegetable,180,2.0,19.0,11.0,2.0,3.0,Lunch,0,0.5,0.01,1.1111111111111112,6.111111111111111,10.555555555555555,1.1111111111111112,0.4659393038712676,-0.0144232315379609,2,1,1
Cranberry Juice (1 cup),Beverage,130,0.0,33.0,0.0,0.0,30.0,Breakfast,240,0.01,0.0,0.0,0.0,25.384615384615383,0.0,-0.7534422676432655,2.8851023248853185,2,1,1
Chicken Piccata (1 serving),Meal/Meat,350,16.75,10.0,20.0,1.0,2.0,Dinner,250,0.6,0.09,4.785714285714286,5.714285714285714,2.857142857142857,0.2857142857142857,2.846056796748439,-1.9871274067196296,0,0,1
Angel Hair Pasta (1 cup),Grain,200,7.0,42.0,1.0,2.0,1.0,Dinner,0,0.001,0.0,3.5000000000000004,0.5,21.0,1.0,0.1371237988142714,0.8810553411198769,2,1,1
Olive Oil (1 tbsp),Condiment,120,0.0,0.0,14.0,0.0,0.0,Dinner,0,0.0,0.0,0.0,11.666666666666666,0.0,0.0,-1.1377857137365348,-0.7622919737474084,1,1,1
Garlic (1 clove),Vegetable,4,0.2,0.9,0.0,0.1,0.0,Dinner,0,0.001,0.0,5.0,0.0,22.5,2.5,-2.182018291667571,-0.45556126485321,1,1,1
Salami (3 slices),Protein/Processed,110,6.0,1.0,9.0,0.0,0.5,Snack,0,0.5,0.03,5.454545454545454,8.181818181818182,0.9090909090909092,0.0,-0.1411652280864561,-1.3227748170942122,1,1,1
Provolone Cheese (1 slice),Dairy,100,7.0,1.0,8.0,0.0,0.5,Snack,0,0.25,0.02,7.000000000000001,8.0,1.0,0.0,-0.5393990460820498,-1.1495523803156138,1,1,1
Ginger Ale (1 can),Beverage,124,0.0,32.0,0.0,0.0,31.0,Snack,355,0.04,0.0,0.0,0.0,25.806451612903224,0.0,-0.7447688312898262,2.9143945108343545,2,1,1
Shrimp Scampi (1 cup),Meal/Seafood,380,16.75,40.0,15.0,3.0,3.0,Dinner,0,0.75,0.14,4.407894736842105,3.947368421052632,10.526315789473683,0.7894736842105263,4.145420535990207,-1.109475218007488,0,0,1
Tiramisu (1 slice),Dessert,450,7.0,42.0,28.0,2.0,25.0,Snack,250,0.15,0.18,1.5555555555555556,6.222222222222222,9.333333333333334,0.4444444444444444,4.026322975734625,0.607719604130281,0,1,1
Cereal Bar (Fruit),Snack/Processed,140,2.0,30.0,3.0,1.0,15.0,Breakfast,250,0.11,0.0,1.4285714285714286,2.142857142857143,21.428571428571427,0.7142857142857143,-0.4012894650313294,1.5608387292091075,2,1,1
Veal Parmesan (1 serving),Meal/Meat,550,16.75,30.0,30.0,4.0,7.0,Dinner,250,1.1,0.13,3.0454545454545454,5.454545454545454,5.454545454545454,0.7272727272727273,5.821859365554483,-1.3484627995935918,0,0,1
Spaghetti (side),Grain,100,3.5,21.0,0.5,1.0,0.5,Dinner,0,0.0,0.0,3.5000000000000004,0.5,21.0,1.0,-1.053824501446407,0.1969563449479597,1,1,1
Hot Chocolate (1 cup),Beverage,200,3.0,30.0,8.0,2.0,25.0,Snack,240,0.16,0.01,1.5,4.0,15.0,1.0,0.5099909862913508,2.2003395711309888,2,1,1
Coconut Shrimp (5 pcs),Meal/Seafood,320,10.0,25.0,20.0,3.0,8.0,Dinner,0,0.6,0.08,3.125,6.25,7.8125,0.9375,2.8724495694559464,-0.4654000087205768,0,1,1
Sweet Chili Sauce (2 tbsp),Condiment,70,0.0,17.0,0.0,0.5,16.0,Dinner,0,0.45,0.0,0.0,0.0,24.285714285714285,0.7142857142857143,-0.8264377559395217,1.1489340386198443,2,1,1
White Wine (5 oz glass),Beverage,121,0.1,3.8,0.0,0.0,1.4,Dinner,0,0.005,0.0,0.0826446280991735,0.0,3.1404958677685944,0.0,-1.7292537758326014,-0.2162023419337137,1,1,1
Trail Mix (1/4 cup),Snack/Processed,190,5.0,20.0,12.0,3.0,14.0,Snack,250,0.05,0.0,2.631578947368421,6.315789473684211,10.526315789473683,1.5789473684210529,0.4124017700833127,1.1127126199324366,2,1,1
Onion Rings (6 rings),Snack/Processed,280,4.0,30.0,16.0,3.0,4.0,Snack,0,0.5,0.0,1.4285714285714286,5.714285714285714,10.714285714285714,1.0714285714285714,1.5060153963609542,0.4429759799392746,2,1,1
Poached Egg (1 large),Protein,72,6.3,0.4,4.8,0.0,0.4,Breakfast,0,0.14,0.185,8.75,6.666666666666667,0.5555555555555556,0.0,0.1267765673868165,-2.4273643972938674,1,1,1
Canadian Bacon (2 slices),Protein/Meat,80,12.0,1.0,3.0,0.0,1.0,Breakfast,0,0.65,0.04,15.0,3.75,1.25,0.0,0.1386140788380231,-1.571909942736412,1,1,1
Eggs Benedict (1 serving),Meal/Protein,600,16.75,30.0,40.0,3.0,4.0,Breakfast,250,1.1,0.45,2.7916666666666665,6.666666666666667,5.0,0.5,8.493140220924126,-4.6099554845618815,0,0,1
Hollandaise Sauce (2 tbsp),Condiment,110,1.0,0.5,12.0,0.0,0.2,Breakfast,0,0.15,0.05,0.9090909090909092,10.909090909090908,0.4545454545454545,0.0,-0.6594679316522915,-1.223370267924669,1,1,1
Spinach Artichoke Dip (1/4 cup),Snack/Processed,160,5.0,6.0,14.0,2.0,2.0,Snack,0,0.35,0.03,3.125,8.75,3.75,1.25,0.4217377873860204,-0.8051813853691318,1,1,1
Tortilla Chips (1 oz),Snack/Processed,140,2.0,19.0,7.0,2.0,0.5,Snack,0,0.12,0.0,1.4285714285714286,5.0,13.571428571428571,1.4285714285714286,-0.4470454674455313,0.1270302542690698,1,1,1
Chicken Kebab (2 skewers),Meal/Meat,280,16.75,8.0,14.0,3.0,4.0,Dinner,250,0.5,0.085,5.982142857142858,5.0,2.857142857142857,1.0714285714285714,2.412498290170156,-1.4679431757999877,0,0,1
Bell Peppers & Onions (sautéed),Vegetable,60,1.5,10.0,2.0,3.0,6.0,Dinner,0,0.03,0.0,2.5,3.333333333333333,16.666666666666664,5.0,-1.097997819953907,0.5287755781963926,1,1,1
Hummus Wrap (large),Meal/Vegetarian,450,15.0,60.0,18.0,12.0,5.0,Lunch,500,0.8,0.0,3.333333333333333,4.0,13.333333333333334,2.666666666666667,5.227212781773504,1.9008314276139688,0,1,0
Kombucha (1 cup),Beverage,30,0.0,7.0,0.0,0.0,6.0,Snack,240,0.01,0.0,0.0,0.0,23.33333333333333,0.0,-1.91362133590094,0.1974768158200782,1,1,1
Beef Stroganoff (1.5 cups),Meal/Pasta,550,16.75,40.0,28.0,4.0,6.0,Dinner,0,0.9,0.1,3.0454545454545454,5.090909090909091,7.272727272727272,0.7272727272727273,5.461688807785968,-0.7237570832026575,0,0,1
Egg Noodles (1 cup cooked),Grain,220,8.0,40.0,3.0,2.0,2.0,Dinner,0,0.02,0.05,3.636363636363636,1.3636363636363635,18.181818181818183,0.9090909090909092,0.7084437999672101,0.3826977976671062,2,1,1
Cottage Cheese (1 cup low fat),Dairy,160,16.75,6.0,2.5,0.0,4.0,Lunch,250,0.82,0.01,10.46875,1.5625,3.75,0.0,0.8631416660407079,-1.1713710960538075,1,0,1
Tomato (1 medium sliced),Vegetable,22,1.1,4.8,0.2,1.5,3.2,Lunch,0,0.006,0.0,5.0,0.9090909090909092,21.818181818181817,6.8181818181818175,-1.7265783170138234,0.0336905254210812,1,1,1
Black Pepper (1 tsp),Condiment,6,0.2,1.5,0.1,0.6,0.0,Lunch,0,0.0,0.0,3.333333333333333,1.6666666666666667,25.0,10.0,-2.08867646923905,-0.3802208563653898,1,1,1
Chocolate Pudding (1/2 cup),Dessert,150,2.0,28.0,4.0,2.0,22.0,Snack,0,0.13,0.002,1.3333333333333337,2.666666666666667,18.666666666666668,1.3333333333333337,-0.097652261398049,2.105127350758582,2,1,1
Mackerel (3oz cooked),Protein/Fish,175,16.0,0.0,12.0,0.0,0.0,Dinner,0,0.075,0.065,9.142857142857142,6.857142857142858,0.0,0.0,0.5983421911506804,-1.9734452385994763,1,1,1
Collard Greens (1 cup cooked),Vegetable,60,5.0,10.0,1.0,7.0,1.0,Dinner,0,0.04,0.0,8.333333333333332,1.6666666666666667,16.666666666666664,11.666666666666666,-0.3876147889176741,0.4739142788160106,2,1,1
Ham (3oz deli sliced),Protein/Meat,110,16.0,2.0,4.0,0.0,1.5,Lunch,0,0.95,0.045,14.545454545454543,3.636363636363636,1.818181818181818,0.0,1.0084108852641231,-1.8658068170242177,1,1,1
Swiss Cheese (1 slice),Dairy,106,7.6,1.0,8.0,0.0,0.4,Lunch,0,0.054,0.026,7.169811320754717,7.547169811320755,0.9433962264150944,0.0,-0.6857106506982874,-1.1426048612953883,1,1,1
Rye Bread (1 slice),Grain,83,2.7,15.5,1.1,1.9,1.2,Lunch,0,0.17,0.0,3.253012048192772,1.3253012048192772,18.67469879518072,2.289156626506024,-0.9015666455350572,0.1201893032509149,1,1,1
Potato Leek Soup (1 cup),Meal/Vegetable,180,4.0,25.0,7.0,3.0,4.0,Lunch,250,0.65,0.015,2.2222222222222223,3.888888888888889,13.88888888888889,1.6666666666666667,0.9058428990264488,0.2596328247081274,2,1,1
Brie Cheese (1 oz),Dairy,95,6.0,0.1,7.9,0.0,0.1,Snack,0,0.178,0.028,6.315789473684211,8.31578947368421,0.1052631578947368,0.0,-0.6910382338952218,-1.1992463129215103,1,1,1
Water Cracker (5 crackers),Grain/Processed,70,1.5,12.0,1.5,0.5,0.0,Snack,0,0.15,0.0,2.142857142857143,2.142857142857143,17.142857142857142,0.7142857142857143,-1.3181485214974833,-0.1954879726279317,1,1,1
Grapefruit (1/2 medium),Fruit,52,1.1,13.2,0.2,2.0,8.5,Breakfast,0,0.0,0.0,2.1153846153846154,0.3846153846153846,25.384615384615383,3.8461538461538463,-1.3255250122041815,0.7736046785754415,1,1,1
Veggie Straws (1 oz),Snack/Processed,130,1.0,17.0,7.0,1.0,1.0,Snack,0,0.22,0.0,0.7692307692307693,5.384615384615385,13.076923076923078,0.7692307692307693,-0.6004074910488931,-0.0182769756079348,1,1,1
Fish Tacos (2 tacos),Meal/Fish,420,16.75,40.0,18.0,6.0,5.0,Dinner,500,0.7,0.06,3.9880952380952377,4.285714285714286,9.523809523809524,1.4285714285714286,4.268193152460148,0.0362195943745749,0,0,1
Cabbage Slaw (side),Vegetable,60,1.0,8.0,3.0,2.0,5.0,Dinner,0,0.12,0.005,1.6666666666666667,5.0,13.333333333333334,3.333333333333333,-1.1289703384091463,0.1900940983490609,1,1,1
Lime (juice of 1),Condiment,11,0.2,3.7,0.0,0.4,0.7,Dinner,0,0.001,0.0,1.8181818181818183,0.0,33.63636363636363,3.6363636363636367,-2.049608145578218,-0.2774000882529583,1,1,1
Beer (12 oz light),Beverage,103,0.9,5.8,0.0,0.0,0.3,Snack,355,0.01,0.0,0.8737864077669903,0.0,5.631067961165048,0.0,-1.6984852140338544,-0.2834298241653832,1,1,1
Danish (Cheese 1 medium),Dessert,340,7.0,38.0,18.0,2.0,16.0,Breakfast,250,0.3,0.055,2.0588235294117645,5.294117647058823,11.176470588235295,0.5882352941176471,2.305299546852564,0.9686913349652438,2,1,1
Kefir (Plain 1 cup),Beverage/Dairy,104,10.0,10.0,2.5,0.0,9.0,Breakfast,240,0.1,0.01,9.615384615384617,2.403846153846154,9.615384615384617,0.0,-0.5631676668118891,-0.0677969328122725,1,1,1
Gnocchi (1 cup),Meal/Pasta,210,4.5,45.0,1.5,3.0,2.0,Dinner,0,0.48,0.0,2.142857142857143,0.7142857142857143,21.428571428571427,1.4285714285714286,0.8423576887147352,1.0507745082353372,2,1,1
Pesto Sauce (1/4 cup),Condiment,260,5.0,4.0,26.0,2.0,1.0,Dinner,0,0.55,0.005,1.9230769230769231,10.0,1.5384615384615383,0.7692307692307693,1.3892319020062736,-1.0598927826700726,2,1,1
Pine Nuts (1 tbsp),Nut,95,2.0,2.0,10.0,0.5,0.5,Dinner,0,0.0,0.0,2.1052631578947367,10.526315789473683,2.1052631578947367,0.5263157894736842,-1.1651463438882967,-0.6090083794839037,1,1,1
Chai Latte (12 oz),Beverage,190,7.0,32.0,4.0,1.0,30.0,Snack,355,0.105,0.015,3.684210526315789,2.1052631578947367,16.842105263157894,0.5263157894736842,0.4785494755607946,2.4268182985393283,2,1,1
Manicotti (2 shells cheese),Meal/Pasta,380,16.75,35.0,18.0,4.0,7.0,Dinner,0,0.65,0.06,4.407894736842105,4.736842105263158,9.210526315789473,1.0526315789473684,3.708616104570481,-0.1915782702305677,0,0,1
Italian Sausage (1 link),Protein/Meat,200,12.0,3.0,16.0,0.0,1.0,Dinner,0,0.55,0.05,6.0,8.0,1.5,0.0,1.177442562270226,-1.8003486582639696,1,1,1
Jicama (1 cup sticks),Vegetable,46,0.9,10.6,0.1,5.8,2.1,Snack,0,0.005,0.0,1.956521739130435,0.217391304347826,23.043478260869566,12.608695652173912,-0.9532057245055262,0.6479707721527657,1,1,1
Chili Powder (1 tsp),Condiment,8,0.3,1.4,0.4,0.9,0.2,Snack,0,0.01,0.0,3.75,5.0,17.5,11.25,-2.004821101900617,-0.3484113530701518,1,1,1
Ants on a Log (4 pcs),Snack,180,6.0,12.0,12.0,3.0,7.0,Snack,250,0.12,0.0,3.333333333333333,6.666666666666667,6.666666666666667,1.6666666666666667,0.28771099365228,0.2488764092265894,2,1,1
Split Pea Soup (1 cup),Meal/Legume,180,11.0,30.0,2.0,10.0,6.0,Lunch,250,0.7,0.005,6.111111111111111,1.1111111111111112,16.666666666666664,5.555555555555555,2.2503816025827144,1.2491937244690214,2,1,0
Ham & Cheese Croissant,Meal/Processed,400,15.0,35.0,22.0,2.0,6.0,Breakfast,250,0.75,0.06,3.75,5.5,8.75,0.5,3.688099237759362,-0.5527365729405025,0,1,1
Espresso (double shot),Beverage,5,0.5,0.0,0.1,0.0,0.0,Breakfast,60,0.001,0.0,10.0,2.0,0.0,0.0,-2.185616024717169,-0.5100297554291554,1,1,1
Ricotta Cheese (1/4 cup),Dairy,85,5.5,2.5,6.0,0.0,1.0,Dinner,0,0.05,0.024,6.470588235294119,7.0588235294117645,2.941176470588235,0.0,-0.9832499196611272,-0.9021735344001264,1,1,1
Chicken & Rice Soup (1 can),Meal/Processed,130,7.0,18.0,3.0,2.0,2.0,Lunch,250,0.85,0.015,5.384615384615385,2.307692307692308,13.846153846153848,1.5384615384615383,0.6888729754755792,-0.376193325957923,2,1,1
Salt (1/4 tsp),Condiment,0,0.0,0.0,0.0,0.0,0.0,Dinner,0,0.58,0.0,,,,,-1.5100045512917448,-0.7506199606749977,1,1,1
Guava,Fruit,68,2.6,14.3,0.9,5.4,8.9,Snack,0,0.003,0.0,3.823529411764706,1.3235294117647058,21.029411764705884,7.941176470588236,-0.6224182973870964,1.1547262211752192,2,1,1
Club Sandwich,Meal/Processed,580,16.75,40.0,30.0,5.0,7.0,Lunch,500,1.3,0.095,2.8879310344827585,5.172413793103448,6.896551724137931,0.8620689655172413,6.286940489995589,-0.7044939849455243,0,0,1
Pickle (1 whole dill),Vegetable,17,0.8,3.7,0.2,1.5,1.7,Snack,0,1.2,0.0,4.705882352941177,1.1764705882352942,21.764705882352946,8.823529411764707,-0.2948354398395794,-0.6458177684726807,1,1,1
Turkey Chili (1 cup),Meal/Meat,250,16.75,25.0,7.0,8.0,6.0,Dinner,250,0.75,0.05,6.7,2.8000000000000003,10.0,3.2,3.1204955692733725,0.1228453323350231,0,0,1
Sour Cream (2 tbsp),Condiment/Dairy,60,0.8,1.3,5.8,0.0,0.8,Dinner,0,0.025,0.012,1.3333333333333337,9.666666666666666,2.166666666666667,0.0,-1.545385639245114,-0.6430109684222123,1,1,1
Shredded Cheese (Cheddar 1/4 cup),Dairy,115,7.0,1.0,9.5,0.0,0.5,Dinner,0,0.18,0.03,6.086956521739131,8.26086956521739,0.8695652173913043,0.0,-0.4342535440325711,-1.230818693448035,1,1,1
Matcha Latte (12 oz),Beverage,180,6.0,28.0,5.0,2.0,25.0,Snack,355,0.09,0.02,3.333333333333333,2.7777777777777777,15.555555555555555,1.1111111111111112,0.4390166580703281,2.0158916486810194,2,1,1
Chocolate Donut (1 medium),Dessert,300,4.0,35.0,17.0,2.0,18.0,Breakfast,0,0.23,0.02,1.3333333333333337,5.666666666666666,11.666666666666666,0.6666666666666667,1.5460416725938473,1.4931170483748588,2,1,1
Tuna Melt,Meal/Processed,450,16.75,32.0,25.0,3.0,4.0,Lunch,250,0.9,0.05,3.722222222222222,5.555555555555555,7.111111111111111,0.6666666666666667,4.3044736422527965,-0.7915968754005488,0,0,1
Apple Cider (1 cup),Beverage,117,0.1,29.0,0.3,0.5,27.0,Snack,240,0.01,0.0,0.0854700854700854,0.2564102564102564,24.786324786324787,0.4273504273504274,-0.8234332865946912,2.572015788238257,2,1,1
Beef Burrito (large),Meal/Processed,650,16.75,70.0,28.0,10.0,5.0,Dinner,500,1.4,0.07,2.576923076923077,4.307692307692308,10.76923076923077,1.5384615384615383,7.684419501736106,0.8938492145989546,0,0,0
Pico de Gallo (1/4 cup),Condiment,15,0.5,3.0,0.0,1.0,2.0,Dinner,0,0.2,0.0,3.333333333333333,0.0,20.0,6.666666666666667,-1.678619883217493,-0.2319172017851149,1,1,1
Corn Tortilla (1 medium),Grain,52,1.4,11.2,0.7,1.5,0.2,Dinner,0,0.004,0.0,2.692307692307692,1.346153846153846,21.538461538461537,2.8846153846153846,-1.4839652321871877,-0.0081371847036357,1,1,1
Mussels (3oz steamed),Protein/Seafood,146,16.75,6.0,4.0,0.0,0.0,Dinner,0,0.31,0.048,11.472602739726028,2.73972602739726,4.10958904109589,0.0,0.4582994888443492,-1.6086381356973742,1,0,1
White Wine Sauce (1/4 cup),Condiment,80,1.0,4.0,6.0,0.5,2.0,Dinner,0,0.3,0.005,1.25,7.5,5.0,0.625,-1.0133846057993785,-0.4798496214590759,1,1,1
French Bread (2 slices),Grain,180,6.0,36.0,1.0,2.0,2.0,Dinner,0,0.38,0.0,3.333333333333333,0.5555555555555556,20.0,1.1111111111111112,0.3659990280204433,0.6344840956751832,2,1,1
Blackberries (1 cup),Fruit,62,2.0,13.8,0.7,7.6,4.9,Snack,0,0.001,0.0,3.225806451612903,1.129032258064516,22.258064516129032,12.258064516129032,-0.4448513596252537,1.1161956168173794,2,1,1
Cheese Danish,Dessert,340,7.0,38.0,18.0,2.0,16.0,Breakfast,250,0.3,0.055,2.0588235294117645,5.294117647058823,11.176470588235295,0.5882352941176471,2.305299546852564,0.9686913349652438,2,1,1
Chicken Salad Sandwich,Meal/Processed,420,16.75,35.0,20.0,3.0,5.0,Lunch,250,0.85,0.06,3.9880952380952377,4.761904761904762,8.333333333333332,0.7142857142857143,4.031888428622244,-0.5800787106483444,0,0,1
Soyrizo (2 oz),Protein/Vegetarian,140,10.0,6.0,9.0,3.0,2.0,Breakfast,0,0.45,0.0,7.142857142857142,6.428571428571428,4.285714285714286,2.142857142857143,0.5150109961818743,-0.59171658796249,1,1,1
Hash Browns (1 cup),Vegetable,330,3.0,38.0,19.0,3.0,1.0,Breakfast,0,0.55,0.0,0.9090909090909092,5.757575757575758,11.515151515151516,0.9090909090909092,1.9498850898863604,0.4342918308162847,2,1,1
Ketchup (1 packet),Condiment,10,0.1,2.5,0.0,0.1,2.0,Breakfast,0,0.09,0.0,1.0,0.0,25.0,1.0,-1.9994170769337989,-0.286189500623799,1,1,1
Philly Cheesesteak (6 inch),Meal/Processed,500,16.75,40.0,28.0,3.0,5.0,Lunch,500,1.1,0.07,3.35,5.6000000000000005,8.0,0.6,5.1907583318260775,-0.7748041412092357,0,0,1
Cheese Whiz (2 tbsp),Condiment/Processed,90,4.0,3.0,7.0,0.0,2.0,Lunch,0,0.54,0.02,4.444444444444445,7.777777777777778,3.333333333333333,0.0,-0.4061436403474223,-0.9542049449138188,1,1,1
Onions (sautéed 1/4 cup),Vegetable,30,0.5,5.0,1.0,1.0,3.0,Lunch,0,0.005,0.0,1.6666666666666667,3.333333333333333,16.666666666666664,3.333333333333333,-1.7711635532082908,-0.0216929031028507,1,1,1
Raspberries (1 cup),Fruit,64,1.5,14.7,0.8,8.0,5.4,Snack,0,0.001,0.0,2.34375,1.25,22.96875,12.5,-0.3870308399896953,1.2489495521932383,2,1,1
Cheesy Grits (1 cup),Meal/Grain,210,6.0,34.0,6.0,2.0,1.0,Breakfast,0,0.55,0.02,2.857142857142857,2.857142857142857,16.19047619047619,0.9523809523809524,1.015343805233986,0.1460230554292502,2,1,1
Collard Greens (with ham hock),Vegetable,180,10.0,15.0,9.0,8.0,3.0,Dinner,0,0.6,0.03,5.555555555555555,5.0,8.333333333333332,4.444444444444445,1.9460042319542168,0.0373327113600417,2,1,1
Fried Okra (1 cup),Vegetable,220,4.0,25.0,12.0,5.0,3.0,Dinner,0,0.45,0.01,1.818181818181818,5.454545454545454,11.363636363636363,2.272727272727273,1.2738323896384351,0.4476164081456453,2,1,1
Sweet Tea (16 oz),Beverage,180,0.0,46.0,0.0,0.0,46.0,Lunch,473,0.015,0.0,0.0,0.0,25.555555555555557,0.0,-0.1200922544859272,4.532843969760304,2,1,1
Gyro (1 sandwich),Meal/Meat,600,16.75,55.0,30.0,5.0,6.0,Dinner,250,1.2,0.08,2.7916666666666665,5.0,9.166666666666666,0.8333333333333334,6.427380534049203,-0.1347734501704162,0,0,1
Pita Bread (White 1 large),Grain,220,7.0,45.0,2.0,2.0,2.0,Dinner,0,0.44,0.0,3.1818181818181817,0.9090909090909092,20.454545454545457,0.9090909090909092,0.8840285913490614,0.8369819312385125,2,1,1
Tzatziki Sauce (2 tbsp),Condiment,30,1.5,2.0,2.0,0.0,1.5,Dinner,0,0.1,0.005,5.0,6.666666666666667,6.666666666666667,0.0,-1.7180121820863994,-0.4974362957185126,1,1,1
Baklava (1 piece),Dessert,280,3.0,30.0,18.0,2.0,20.0,Snack,0,0.08,0.01,1.0714285714285714,6.428571428571428,10.714285714285714,0.7142857142857143,1.120819559698444,1.655160949158414,2,1,1
Coconut (shredded 1/4 cup),Fruit,110,1.0,4.5,10.5,2.0,1.5,Snack,0,0.003,0.0,0.9090909090909092,9.545454545454549,4.090909090909091,1.818181818181818,-0.8806946826505191,-0.244513587328904,1,1,1
S'more (1 serving),Dessert,140,2.0,25.0,4.0,1.0,15.0,Snack,0,0.09,0.0,1.4285714285714286,2.857142857142857,17.857142857142858,0.7142857142857143,-0.4808730598631607,1.3914051909278244,2,1,1
Graham Cracker (1 large rectangle),Grain/Processed,60,1.0,11.0,1.5,0.5,4.0,Snack,0,0.07,0.0,1.6666666666666667,2.5,18.33333333333333,0.8333333333333334,-1.4616361729145722,0.1334158324645057,1,1,1
Marshmallow (1 large),Dessert,23,0.1,5.8,0.0,0.0,4.0,Snack,0,0.005,0.0,0.4347826086956521,0.0,25.217391304347824,0.0,-1.9849723448831116,0.0019847156953491,1,1,1
Chocolate (Hershey's bar 1 segment),Dessert,25,0.3,3.0,1.5,0.2,2.8,Snack,0,0.004,0.001,1.2,6.0,12.0,0.8,-1.927875292270008,-0.2045684454322564,1,1,1
Chicken Parm Sandwich,Meal/Processed,650,16.75,55.0,30.0,6.0,9.0,Lunch,500,1.4,0.1,2.576923076923077,4.615384615384616,8.461538461538462,0.9230769230769232,7.159615897674663,-0.0275072012033793,0,0,1
Mozzarella (1 slice),Dairy,80,6.0,1.0,6.0,0.0,0.5,Lunch,0,0.15,0.02,7.5,7.5,1.25,0.0,-0.903112056177386,-1.0225491722051845,1,1,1
Bread Roll (hoagie),Grain,200,6.0,38.0,2.0,2.0,3.0,Lunch,0,0.4,0.0,3.0,1.0,19.0,1.0,0.5620952380709638,0.7493965941529289,2,1,1
Artichoke (1 medium steamed),Vegetable,60,4.2,13.4,0.2,6.9,1.2,Dinner,0,0.112,0.0,7.000000000000001,0.3333333333333333,22.33333333333333,11.5,-0.3331736945047551,0.6041432419351471,2,1,1
Mayonnaise (1 tbsp for dipping),Condiment,90,0.1,0.1,10.0,0.0,0.1,Dinner,0,0.07,0.005,0.1111111111111111,11.11111111111111,0.1111111111111111,0.0,-1.3065822111828442,-0.749543037196114,1,1,1
Calamari (fried 3oz),Meal/Seafood,150,13.0,8.0,7.0,1.0,1.0,Dinner,0,0.6,0.22,8.666666666666668,4.666666666666667,5.333333333333334,0.6666666666666667,2.0921622757853267,-2.8444035387800706,0,1,1
Lemon Wedge (for calamari),Condiment,3,0.1,1.0,0.0,0.3,0.2,Dinner,0,0.0,0.0,3.333333333333333,0.0,33.33333333333333,10.0,-2.1610309278003803,-0.4096735153547333,1,1,1
Root Beer (1 can),Beverage,150,0.0,40.0,0.0,0.0,40.0,Snack,355,0.055,0.0,0.0,0.0,26.666666666666668,0.0,-0.3658305184495333,3.856122673320984,2,1,1
Chicken McNuggets (6 pcs),Meal/Processed,270,15.0,16.0,16.0,1.0,0.0,Lunch,0,0.5,0.04,5.555555555555555,5.925925925925927,5.925925925925927,0.3703703703703704,1.8905089813850289,-1.3512504327441663,0,1,1
BBQ Sauce (2 tbsp),Condiment,60,0.5,15.0,0.0,0.5,12.0,Lunch,0,0.35,0.0,0.8333333333333334,0.0,25.0,0.8333333333333334,-1.040286316969235,0.7998262981376725,1,1,1
Honey (1 tbsp),Condiment,64,0.1,17.3,0.0,0.0,17.2,Breakfast,0,0.001,0.0,0.15625,0.0,27.03125,0.0,-1.4573613508026224,1.388992001776976,1,1,1
Tofu Scramble,Meal/Vegetarian,250,16.75,8.0,16.0,4.0,3.0,Breakfast,250,0.3,0.0,6.7,6.4,3.2,1.6,1.710406378453979,-0.6798114632956549,2,0,1
Turmeric (1 tsp),Condiment,9,0.3,1.9,0.1,0.7,0.1,Breakfast,0,0.001,0.0,3.333333333333333,1.1111111111111112,21.11111111111111,7.777777777777778,-2.046790678444636,-0.3521155645036397,1,1,1
Nutritional Yeast (1 tbsp),Condiment,20,3.0,2.0,0.0,1.0,0.0,Breakfast,0,0.01,0.0,15.0,0.0,10.0,5.0,-1.7722465764551985,-0.4368464408437189,1,1,1
Seitan (3oz),Protein/Vegetarian,90,16.75,4.0,1.0,1.0,1.0,Dinner,0,0.3,0.0,18.61111111111111,1.1111111111111112,4.444444444444445,1.1111111111111112,-0.1086355741203795,-1.02285177896299,1,0,1
Vegetable Broth (1 cup),Beverage,15,1.0,3.0,0.0,1.0,2.0,Dinner,240,0.55,0.0,6.666666666666667,0.0,20.0,6.666666666666667,-1.2011273398092244,-0.4124697381086221,1,1,1
Mashed Cauliflower (1 cup),Vegetable,140,5.0,12.0,8.0,5.0,4.0,Dinner,0,0.4,0.025,3.571428571428571,5.714285714285714,8.571428571428571,3.571428571428571,0.6532459916757497,0.0315388474312916,2,1,1
Peanut Sauce (2 tbsp),Condiment,80,2.0,4.0,6.0,1.0,3.0,Dinner,0,0.25,0.0,2.5,7.5,5.0,1.25,-0.9588419417411717,-0.3242970727143824,1,1,1
Tempeh (3oz),Protein/Vegetarian,160,16.0,8.0,9.0,5.0,0.0,Lunch,0,0.01,0.0,10.0,5.625,5.0,3.125,0.743539616941885,-0.5055161486322782,2,1,1
Sauerkraut (1/2 cup),Vegetable,14,0.7,3.1,0.1,2.0,1.2,Lunch,0,0.468,0.0,5.0,0.7142857142857143,22.142857142857142,14.285714285714285,-1.1906940853059962,-0.307630161578674,1,1,1
Rye Crispbread (2 slices),Grain,70,2.0,14.0,0.5,3.0,0.0,Lunch,0,0.12,0.0,2.857142857142857,0.7142857142857143,20.0,4.285714285714286,-0.978016215681578,0.1703761264912715,1,1,1
Capers (1 tbsp),Condiment,2,0.2,0.4,0.1,0.3,0.1,Dinner,0,0.2,0.0,10.0,5.0,20.0,15.0,-1.913167993084934,-0.533783172930189,1,1,1
Chicken Liver (2 oz cooked),Protein/Meat,91,13.6,0.6,3.6,0.0,0.0,Dinner,0,0.05,0.32,14.945054945054943,3.956043956043956,0.6593406593406593,0.0,1.443058098612025,-3.834314326534336,1,1,1
Onion (1/2 cup raw chopped),Vegetable,32,0.9,7.5,0.1,1.4,3.8,Dinner,0,0.003,0.0,2.8125,0.3125,23.4375,4.375,-1.6664243860600156,0.1686509509179763,1,1,1
Bok Choy (1 cup steamed),Vegetable,10,1.5,2.0,0.1,1.0,1.0,Dinner,0,0.04,0.0,15.0,1.0,20.0,10.0,-1.8556023199746847,-0.3151223270810313,1,1,1
Gummy Bears (10 pcs),Snack/Dessert,100,2.0,22.0,0.0,0.0,15.0,Snack,0,0.01,0.0,2.0,0.0,22.0,0.0,-1.120508716816466,1.2951231455640215,2,1,1
Whiskey (1.5 oz shot),Beverage,105,0.0,0.1,0.0,0.0,0.1,Snack,0,0.001,0.0,0.0,0.0,0.0952380952380952,0.0,-1.8874870639511163,-0.4313355203402138,1,1,1
Dates (2 medium Medjool),Fruit,133,0.8,36.0,0.1,3.2,32.0,Snack,0,0.001,0.0,0.6015037593984963,0.075187969924812,27.06766917293233,2.4060150375939853,-0.1576262715017886,3.468898178848923,2,1,1
Tahini (1 tbsp),Condiment,89,2.6,3.2,8.0,1.4,0.1,Snack,0,0.017,0.0,2.9213483146067416,8.98876404494382,3.5955056179775284,1.5730337078651684,-1.0754680182498224,-0.4882645438332258,1,1,1
Chickpeas (1/2 cup canned),Legume,135,7.0,22.0,2.0,6.0,3.0,Lunch,0,0.25,0.0,5.185185185185185,1.4814814814814816,16.296296296296298,4.444444444444445,0.4525480776543089,0.710755298128306,2,1,1
Lettuce (Romaine 2 cups),Vegetable,16,1.0,3.0,0.3,2.0,1.0,Lunch,0,0.01,0.0,6.25,1.875,18.75,12.5,-1.73667827993769,-0.135242404726194,1,1,1
Italian Dressing (2 tbsp),Condiment,70,0.0,3.0,7.0,0.0,2.0,Lunch,0,0.3,0.0,0.0,10.0,4.285714285714286,0.0,-1.1915581403225577,-0.5104374925814266,1,1,1
Croutons (1/4 cup),Grain,50,1.5,7.0,2.0,0.5,0.5,Lunch,0,0.14,0.0,3.0,4.0,14.000000000000002,1.0,-1.471312603722743,-0.3282491535266288,1,1,1
Turkey Sausage (1 patty),Protein/Meat,70,9.0,1.0,4.0,0.0,0.5,Breakfast,0,0.28,0.035,12.857142857142856,5.714285714285714,1.4285714285714286,0.0,-0.5615466763073279,-1.2968969607070222,1,1,1
Maple Syrup (1 tbsp),Condiment,52,0.0,13.5,0.0,0.0,12.0,Breakfast,0,0.001,0.0,0.0,0.0,25.961538461538463,0.0,-1.6450011336085744,0.8721515518078518,1,1,1
Quesadilla (Cheese 1 medium),Meal/Processed,400,16.75,35.0,22.0,3.0,2.0,Lunch,250,0.7,0.05,4.1875,5.5,8.75,0.75,3.772581341931072,-0.7126848155178273,0,0,1
Sour Cream (1 tbsp),Condiment/Dairy,30,0.4,0.6,2.9,0.0,0.4,Lunch,0,0.012,0.006,1.3333333333333337,9.666666666666666,2.0,0.0,-1.8961249940991056,-0.5666281161830969,1,1,1
Salsa (2 tbsp),Condiment,10,0.5,2.0,0.0,0.5,1.0,Lunch,0,0.12,0.0,5.0,0.0,20.0,5.0,-1.8995136709425775,-0.3631348227757018,1,1,1
Red Cabbage (1 cup raw),Vegetable,22,1.1,5.2,0.1,1.6,2.8,Dinner,0,0.008,0.0,5.0,0.4545454545454546,23.63636363636364,7.272727272727273,-1.7113385368340044,0.0284582624527634,1,1,1
Duck (3oz roasted),Protein/Meat,285,16.0,0.0,24.0,0.0,0.0,Dinner,0,0.065,0.072,5.614035087719298,8.421052631578947,0.0,0.0,1.6049884095439286,-2.260399350214362,0,1,1
Orange Sauce (1/4 cup for duck),Condiment,90,0.5,22.0,0.0,0.5,20.0,Dinner,0,0.2,0.0,0.5555555555555556,0.0,24.444444444444443,0.5555555555555556,-0.8892767440806949,1.7105557182620903,2,1,1
Wild Rice (1 cup cooked),Grain,166,6.5,35.0,0.6,3.0,1.2,Dinner,0,0.005,0.0,3.91566265060241,0.36144578313253,21.084337349397597,1.8072289156626504,-0.0300042931446674,0.8091337667221838,2,1,1
Cupcake (Vanilla 1 medium),Dessert,240,2.0,35.0,11.0,1.0,25.0,Snack,0,0.2,0.03,0.8333333333333334,4.583333333333333,14.583333333333334,0.4166666666666667,0.8755847865020139,2.043882551547473,2,1,1
Frosting (Vanilla 2 tbsp),Condiment,140,0.0,22.0,6.0,0.0,22.0,Snack,0,0.065,0.0,0.0,4.285714285714286,15.714285714285714,0.0,-0.672633091173907,1.7706210204360755,2,1,1
Hot Sauce (1 tsp Tabasco),Condiment,0,0.0,0.0,0.0,0.0,0.0,Breakfast,0,0.035,0.0,,,,,-2.199244992731264,-0.5034682676443314,1,1,1
Bison Burger (1 patty),Protein/Meat,150,16.75,0.0,7.0,0.0,0.0,Lunch,250,0.065,0.07,11.166666666666666,4.666666666666667,0.0,0.0,0.3368778886175694,-1.937994222681912,1,0,1
Pretzel Bun (1 medium),Grain,230,8.0,45.0,2.0,2.0,4.0,Lunch,0,0.55,0.0,3.4782608695652173,0.8695652173913043,19.565217391304348,0.8695652173913043,1.1498074367131137,0.9009105586267744,2,1,1
Spicy Mustard (1 tbsp),Condiment,10,0.5,1.0,0.5,0.5,0.0,Lunch,0,0.12,0.0,5.0,5.0,10.0,5.0,-1.9070199391204865,-0.4823963788329325,1,1,1
Pasta Salad (1 cup),Meal/Pasta,280,8.0,30.0,14.0,4.0,5.0,Lunch,0,0.45,0.01,2.857142857142857,5.0,10.714285714285714,1.4285714285714286,1.8415262643521408,0.445244321130517,2,1,1
Salami (3 slices),Protein/Processed,110,6.0,1.0,9.0,0.0,0.5,Lunch,0,0.5,0.03,5.454545454545454,8.181818181818182,0.9090909090909092,0.0,-0.1411652280864561,-1.3227748170942122,1,1,1
Pepperoncini (2 peppers),Vegetable,10,0.5,2.0,0.0,1.0,1.0,Lunch,0,0.35,0.0,5.0,0.0,20.0,10.0,-1.538308132215101,-0.4097042239764917,1,1,1
Coconut Milk (1/4 cup canned),Condiment,111,1.1,2.9,11.6,0.5,1.5,Dinner,0,0.008,0.0,0.9909909909909912,10.45045045045045,2.612612612612613,0.4504504504504504,-1.0532009641581077,-0.4992608114468707,1,1,1
Green Curry Paste (1 tbsp),Condiment,30,0.5,2.0,2.5,1.0,1.0,Dinner,0,0.4,0.0,1.6666666666666667,8.333333333333332,6.666666666666667,3.333333333333333,-1.2824068273118436,-0.482056778286795,1,1,1
Chicken Thigh (1 roasted),Protein/Meat,210,16.75,0.0,13.0,0.0,0.0,Dinner,0,0.09,0.12,7.976190476190475,6.190476190476191,0.0,0.0,1.2112098543729022,-2.4858904858706765,1,0,1
Jasmine Rice (1 cup cooked),Grain,205,4.3,45.0,0.4,0.6,0.0,Dinner,0,0.002,0.0,2.097560975609756,0.1951219512195122,21.951219512195124,0.2926829268292683,-0.2092172802491408,0.8695791908424284,2,1,1
Thai Iced Tea (1 glass),Beverage,250,3.0,35.0,12.0,0.0,33.0,Snack,300,0.05,0.035,1.2,4.8,14.000000000000002,0.0,0.8265917008277381,2.503915548540646,2,1,1
Papaya (1 cup cubes),Fruit,62,0.6,15.7,0.4,2.5,11.0,Snack,0,0.012,0.0,0.967741935483871,0.6451612903225806,25.32258064516129,4.032258064516129,-1.1497195294860318,1.116367528933919,1,1,1
Lime Juice (1 tbsp),Condiment,4,0.1,1.3,0.0,0.1,0.2,Snack,0,0.0,0.0,2.5,0.0,32.5,2.5,-2.1795421188835347,-0.4230212546607566,1,1,1
Macaroni Salad (1 cup),Meal/Pasta,380,8.0,30.0,25.0,3.0,6.0,Lunch,0,0.75,0.02,2.1052631578947367,6.578947368421052,7.894736842105263,0.7894736842105263,3.047931048901181,-0.0275678563683867,0,1,1
Celery (1 stalk),Vegetable,6,0.3,1.2,0.1,0.6,0.5,Lunch,0,0.032,0.0,5.0,1.6666666666666667,20.0,10.0,-2.041642587463846,-0.3701320645463429,1,1,1
Blue Cheese (1 oz),Dairy,100,6.0,0.7,8.0,0.0,0.1,Snack,0,0.325,0.021,6.0,8.0,0.7,0.0,-0.5184371132563167,-1.1882806979615637,1,1,1
Dark Chocolate (1 oz 70%),Dessert,170,2.2,13.0,12.0,3.0,7.0,Snack,0,0.005,0.0,1.2941176470588238,7.0588235294117645,7.647058823529412,1.7647058823529411,-0.1352290765656052,0.4935946114885965,2,1,1
Acai Bowl (1 serving),Meal/Fruit,350,5.0,60.0,12.0,10.0,30.0,Breakfast,250,0.04,0.0,1.4285714285714286,3.428571428571429,17.142857142857142,2.857142857142857,2.9443967068572303,4.461371110911414,2,1,0
Granola (1/4 cup topping),Grain,120,3.0,15.0,6.0,3.0,7.0,Breakfast,0,0.02,0.0,2.5,5.0,12.5,2.5,-0.4877493471654544,0.6322665461565373,2,1,1
Coconut Flakes (1 tbsp topping),Fruit,35,0.3,1.5,3.3,0.7,0.5,Breakfast,0,0.001,0.0,0.8571428571428572,9.428571428571429,4.285714285714286,2.0,-1.8025087919942675,-0.3973192603957021,1,1,1
Honey (1 tsp drizzle),Condiment,21,0.0,5.8,0.0,0.0,5.8,Breakfast,0,0.0,0.0,0.0,0.0,27.61904761904762,0.0,-1.983841212653094,0.1455314036256257,1,1,1
Shrimp Cocktail (4 large shrimp),Protein/Seafood,60,10.0,1.0,1.0,0.0,0.5,Snack,0,0.3,0.11,16.666666666666664,1.6666666666666667,1.6666666666666667,0.0,-0.1406558540407431,-1.917763732383437,1,1,1
Cocktail Sauce (2 tbsp),Condiment,30,0.5,7.0,0.0,0.5,5.0,Snack,0,0.45,0.0,1.6666666666666667,0.0,23.33333333333333,1.6666666666666667,-1.2637101372832986,-0.0427056976696175,1,1,1
Pork Bun (1 steamed),Meal/Processed,220,8.0,30.0,8.0,2.0,6.0,Lunch,0,0.4,0.02,3.636363636363636,3.636363636363636,13.636363636363637,0.9090909090909092,1.0741478100770667,0.3429937470195366,2,1,1
Dim Sum (Siu Mai 3 pcs),Meal/Processed,180,12.0,10.0,10.0,2.0,1.0,Lunch,0,0.55,0.06,6.666666666666667,5.555555555555555,5.555555555555555,1.1111111111111112,1.3045400971672274,-1.305267436496055,2,1,1
Soy Sauce (1 tbsp for dipping),Condiment,9,1.0,1.0,0.0,0.1,0.4,Lunch,0,0.92,0.0,11.11111111111111,0.0,11.11111111111111,1.1111111111111112,-0.9404938418010944,-0.8713373424300708,1,1,1
Oyster (1 medium raw),Protein/Seafood,8,1.0,0.5,0.2,0.0,0.0,Dinner,0,0.05,0.01,12.5,2.5,6.25,0.0,-1.9952292599518917,-0.624109919269715,1,1,1
Mignonette Sauce (1 tbsp),Condiment,5,0.0,1.0,0.0,0.0,0.5,Dinner,0,0.03,0.0,0.0,0.0,20.0,0.0,-2.162047992998218,-0.4297117426128893,1,1,1
Beef Pho (1 large bowl),Meal/Soup,450,16.75,55.0,12.0,4.0,5.0,Dinner,500,1.5,0.06,3.722222222222222,2.666666666666667,12.22222222222222,0.8888888888888888,5.1110247816235,0.0612540226814071,0,0,1
Bean Sprouts (1/4 cup garnish),Vegetable,8,0.8,1.5,0.1,0.4,1.0,Dinner,0,0.001,0.0,10.0,1.25,18.75,5.0,-2.055282529428522,-0.3525406757989416,1,1,1
Thai Basil (garnish),Condiment,1,0.1,0.0,0.0,0.0,0.0,Dinner,0,0.0,0.0,10.0,0.0,0.0,0.0,-2.23318838938639,-0.4915247118883977,1,1,1
Lime Wedge (garnish),Condiment,3,0.1,1.0,0.0,0.3,0.2,Dinner,0,0.0,0.0,3.333333333333333,0.0,33.33333333333333,10.0,-2.1610309278003803,-0.4096735153547333,1,1,1
Jalapeno (1 tbsp sliced),Vegetable,4,0.1,0.8,0.1,0.4,0.5,Dinner,0,0.001,0.0,2.5,2.5,20.0,10.0,-2.1379861508725897,-0.383720462352899,1,1,1
Hoisin Sauce (1 tbsp),Condiment,35,0.3,8.0,0.2,0.1,5.0,Dinner,0,0.22,0.0,0.8571428571428572,0.5714285714285714,22.857142857142858,0.2857142857142857,-1.5770828588048036,0.0526828377263508,1,1,1
Sriracha (1 tsp),Condiment,5,0.1,1.0,0.1,0.1,0.8,Dinner,0,0.08,0.0,2.0,2.0,20.0,2.0,-2.0692270389753435,-0.4245783769850324,1,1,1
Crepe (1 plain),Grain,90,3.5,14.0,2.0,0.5,3.0,Breakfast,0,0.1,0.025,3.888888888888889,2.2222222222222223,15.555555555555555,0.5555555555555556,-0.9027386423271349,-0.1826636702323652,1,1,1
Nutella (1 tbsp),Condiment,100,1.5,11.0,6.0,1.0,10.0,Breakfast,0,0.01,0.0,1.5,6.0,11.0,1.0,-1.0017226266968688,0.5681517518185516,1,1,1
Powdered Sugar (1 tsp),Condiment,10,0.0,2.5,0.0,0.0,2.5,Breakfast,0,0.0,0.0,0.0,0.0,25.0,0.0,-2.1284083514612333,-0.2142812939557827,1,1,1
Sake (3 oz),Beverage,117,0.4,3.8,0.0,0.0,0.0,Dinner,0,0.004,0.0,0.3418803418803419,0.0,3.2478632478632474,0.0,-1.7394199571570417,-0.3377670570823938,1,1,1
Edamame (in pod 1 cup),Legume,120,11.0,9.0,5.0,5.0,2.0,Snack,250,0.009,0.0,9.166666666666666,4.166666666666666,7.5,4.166666666666666,0.1029988625252547,-0.0266422229153233,2,1,1
Sea Salt (coarse 1/4 tsp),Condiment,0,0.0,0.0,0.0,0.0,0.0,Snack,0,0.55,0.0,,,,,-1.5479443921049294,-0.7370152803246859,1,1,1
Biryani (Chicken 1.5 cups),Meal/Meat,520,16.75,60.0,18.0,5.0,6.0,Dinner,0,0.9,0.075,3.221153846153846,3.4615384615384617,11.538461538461538,0.9615384615384616,5.247298430025993,0.4441200961490431,0,0,1
Raita (2 tbsp),Condiment/Dairy,30,1.0,2.0,2.0,0.5,1.5,Dinner,0,0.1,0.005,3.333333333333333,6.666666666666667,6.666666666666667,1.6666666666666667,-1.682539823514453,-0.4178718819970429,1,1,1
Lassi (Mango 1 cup),Beverage,180,5.0,30.0,4.0,1.0,28.0,Snack,240,0.06,0.015,2.7777777777777777,2.2222222222222223,16.666666666666664,0.5555555555555556,0.1834205391961606,2.315023140464635,2,1,1
Samosa (1 piece vegetable),Snack/Processed,130,2.0,18.0,6.0,2.0,1.0,Snack,0,0.3,0.0,1.5384615384615383,4.615384615384616,13.846153846153848,1.5384615384615383,-0.3182171182695065,0.0716464583352062,1,1,1
Tamarind Chutney (1 tbsp),Condiment,20,0.1,5.0,0.0,0.5,4.0,Snack,0,0.12,0.0,0.5,0.0,25.0,2.5,-1.7959778531023736,-0.0185673579730721,1,1,1
Mint Chutney (1 tbsp),Condiment,5,0.2,0.5,0.0,0.3,0.2,Snack,0,0.15,0.0,4.0,0.0,10.0,6.0,-1.968122171494899,-0.4967008702313028,1,1,1
Pani Puri (6 pcs),Snack/Processed,200,4.0,35.0,5.0,3.0,2.0,Snack,0,0.4,0.0,2.0,2.5,17.5,1.5,0.6396980943017643,0.7124424193272308,2,1,1
Passion Fruit (1 fruit),Fruit,17,0.4,4.2,0.1,1.9,2.0,Snack,0,0.005,0.0,2.3529411764705883,0.5882352941176471,24.705882352941178,11.176470588235292,-1.76877855402793,0.0005685875901246,1,1,1
Kimchi Jjigae (1 bowl),Meal/Soup,350,15.0,20.0,22.0,5.0,6.0,Dinner,500,1.2,0.03,4.285714285714286,6.285714285714287,5.714285714285714,1.4285714285714286,3.994003714675199,-0.6441336057237061,0,1,1
Silken Tofu (3oz in soup),Protein/Vegetarian,45,5.0,2.0,2.5,0.5,1.0,Dinner,0,0.005,0.0,11.11111111111111,5.555555555555555,4.444444444444445,1.1111111111111112,-1.4883188225813078,-0.5505777983699538,1,1,1
Pork Belly (1 oz in soup),Protein/Meat,145,3.0,0.0,15.0,0.0,0.0,Dinner,0,0.15,0.02,2.0689655172413794,10.344827586206897,0.0,0.0,-0.4688881884854354,-1.142767134096672,1,1,1
Gochugaru (1 tsp),Condiment,10,0.3,1.8,0.3,0.5,0.3,Dinner,0,0.001,0.0,3.0,3.0,18.0,5.0,-2.0612638009650084,-0.3672384756724426,1,1,1
Gochujang (1 tbsp),Condiment,30,0.5,6.0,0.0,0.5,4.0,Dinner,0,0.2,0.0,1.6666666666666667,0.0,20.0,1.6666666666666667,-1.612525242909871,-0.0369085728841187,1,1,1
Sesame Oil (1 tsp),Condiment,40,0.0,0.0,4.5,0.0,0.0,Dinner,0,0.0,0.0,0.0,11.25,0.0,0.0,-1.8833151639228731,-0.5752659700984045,1,1,1
Fish Sauce (1 tsp),Condiment,5,0.4,0.5,0.0,0.0,0.4,Dinner,0,0.45,0.0,8.0,0.0,10.0,0.0,-1.614632533345796,-0.6608102519999591,1,1,1
Green Onion (1 tbsp garnish),Vegetable,3,0.2,0.7,0.0,0.2,0.2,Dinner,0,0.0,0.0,6.666666666666667,0.0,23.33333333333333,6.666666666666667,-2.1744000412528077,-0.434894236259101,1,1,1
Kombucha (16 oz),Beverage,60,0.0,14.0,0.0,0.0,12.0,Snack,473,0.02,0.0,0.0,0.0,23.33333333333333,0.0,-1.5837345314552345,0.8825497722091242,1,1,1
Beef Wellington (1 slice),Meal/Meat,600,16.75,35.0,38.0,4.0,4.0,Dinner,0,0.85,0.1,2.7916666666666665,6.333333333333334,5.833333333333333,0.6666666666666667,5.940656613594368,-1.2211542225625125,0,0,1
Pate (Mushroom 2 tbsp),Condiment,70,1.0,2.0,7.0,1.0,1.0,Dinner,0,0.1,0.0,1.4285714285714286,10.0,2.857142857142857,1.4285714285714286,-1.266751191765468,-0.4555110698829813,1,1,1
Puff Pastry (1 oz wrapper),Grain,115,1.5,9.0,8.0,0.5,0.0,Dinner,0,0.1,0.0,1.3043478260869563,6.956521739130435,7.82608695652174,0.4347826086956521,-0.9666233535740604,-0.3981186858953911,1,1,1
Prosciutto (1 slice),Protein/Meat,35,4.0,0.0,2.5,0.0,0.0,Dinner,0,0.28,0.01,11.428571428571429,7.142857142857142,0.0,0.0,-1.2996048792428532,-0.9168529023033672,1,1,1
Asparagus (6 spears roasted),Vegetable,40,4.0,4.0,2.0,3.0,2.0,Dinner,0,0.15,0.0,10.0,5.0,10.0,7.5,-1.0113138776032995,-0.1359062072139579,1,1,1
Hollandaise Sauce (1 tbsp),Condiment,55,0.5,0.2,6.0,0.0,0.1,Dinner,0,0.075,0.025,0.9090909090909092,10.909090909090908,0.3636363636363636,0.0,-1.4525338096224747,-0.8570345106068304,1,1,1
Flan (1 slice),Dessert,220,6.0,35.0,7.0,0.0,33.0,Snack,0,0.08,0.09,2.727272727272727,3.1818181818181817,15.909090909090908,0.0,1.0959921809272726,1.9982140844661256,2,1,1
Caramel Sauce (1 tbsp),Condiment,60,0.0,13.0,1.0,0.0,12.0,Snack,0,0.03,0.005,0.0,1.6666666666666667,21.666666666666668,0.0,-1.5077022743216917,0.7813576821630593,1,1,1
Congee (1 cup plain),Meal/Grain,130,2.5,28.0,1.0,1.0,0.5,Breakfast,0,0.3,0.0,1.9230769230769231,0.7692307692307693,21.53846153846154,0.7692307692307693,-0.4721702979828107,0.3231990722324711,1,1,1
Pickled Radish (1/4 cup),Vegetable,15,0.5,3.0,0.0,1.0,2.0,Breakfast,0,0.25,0.0,3.333333333333333,0.0,20.0,6.666666666666667,-1.6153868151955189,-0.2545916690356347,1,1,1
Pork Floss (1 tbsp),Protein/Meat,50,4.0,3.0,2.0,0.0,2.5,Breakfast,0,0.15,0.01,8.0,4.0,6.0,0.0,-1.346859140776474,-0.5551966236758604,1,1,1
Century Egg (1 egg),Protein,100,7.0,1.0,7.0,0.0,0.5,Breakfast,0,0.3,0.2,7.000000000000001,7.000000000000001,1.0,0.0,0.6980553944830926,-2.670155846142236,1,1,1
Arugula (2 cups),Vegetable,10,1.0,0.8,0.2,0.4,0.4,Lunch,0,0.006,0.0,10.0,2.0,8.0,4.0,-2.044972427794088,-0.432650273681165,1,1,1
Goat Cheese (1 oz),Dairy,103,6.1,0.1,8.5,0.0,0.1,Lunch,0,0.146,0.022,5.922330097087379,8.25242718446602,0.0970873786407767,0.0,-0.7083996326709419,-1.1489130098884148,1,1,1
Beets (1/2 cup roasted),Vegetable,30,0.8,6.8,0.1,1.4,5.8,Lunch,0,0.05,0.0,2.666666666666667,0.3333333333333333,22.666666666666664,4.666666666666666,-1.6118248351979176,0.282207720720911,1,1,1
Walnuts (1 tbsp chopped),Nut,46,1.1,1.0,4.6,0.5,0.2,Lunch,0,0.0,0.0,2.391304347826087,10.0,2.1739130434782608,1.0869565217391304,-1.6879111345412958,-0.5189368402976621,1,1,1
Balsamic Glaze (1 tbsp),Condiment,40,0.0,9.0,0.0,0.0,8.0,Lunch,0,0.01,0.0,0.0,0.0,22.5,0.0,-1.8148464297738784,0.4170040566997129,1,1,1
Bobotie (1 serving),Meal/Meat,450,16.75,30.0,25.0,5.0,15.0,Dinner,0,0.7,0.15,3.722222222222222,5.555555555555555,6.666666666666667,1.1111111111111112,5.100403778406316,-0.5351463455662488,0,0,1
Yellow Rice (1 cup),Grain,230,4.0,50.0,1.0,2.0,1.0,Dinner,0,0.3,0.0,1.7391304347826086,0.4347826086956521,21.73913043478261,0.8695652173913043,0.5738410470209655,1.137789091819248,2,1,1
Chutney (Mango 1 tbsp),Condiment,45,0.1,11.0,0.1,0.5,10.0,Dinner,0,0.18,0.0,0.2222222222222222,0.2222222222222222,24.444444444444443,1.1111111111111112,-1.4354824411738902,0.608279326074465,1,1,1
Malva Pudding (1 slice),Dessert,380,5.0,60.0,14.0,2.0,40.0,Snack,0,0.35,0.06,1.3157894736842104,3.684210526315789,15.789473684210526,0.5263157894736842,2.937619416313306,3.621834399091438,2,1,1
Custard (1/4 cup),Condiment,80,3.0,10.0,3.0,0.0,8.0,Snack,0,0.04,0.04,3.75,3.75,12.5,0.0,-0.9899492580729808,-0.0872399273522449,1,1,1
Bubble Tea (16 oz milk tea),Beverage,320,2.0,70.0,4.0,1.0,60.0,Snack,473,0.1,0.01,0.625,1.25,21.875,0.3125,1.6715979963020346,6.222020776084139,2,1,1
Tapioca Pearls (1/4 cup boba),Condiment,100,0.0,25.0,0.0,0.0,20.0,Snack,0,0.005,0.0,0.0,0.0,25.0,0.0,-1.1448584099732029,1.860539457503557,2,1,1
Paella (1.5 cups seafood),Meal/Rice,550,16.75,70.0,18.0,6.0,5.0,Dinner,0,1.2,0.11,3.0454545454545454,3.272727272727273,12.727272727272728,1.090909090909091,6.3033090958181,0.3745735690128534,0,0,1
Chorizo (1 oz in paella),Protein/Meat,130,6.0,1.0,11.0,0.0,0.5,Dinner,0,0.35,0.03,4.615384615384616,8.461538461538462,0.7692307692307693,0.0,-0.1633396926098889,-1.292743157812306,1,1,1
Saffron (pinch),Condiment,1,0.0,0.1,0.0,0.0,0.0,Dinner,0,0.0,0.0,0.0,0.0,10.0,0.0,-2.2380690555912675,-0.4840558460543995,1,1,1
Aioli (Garlic 1 tbsp),Condiment,95,0.1,0.5,10.5,0.0,0.1,Dinner,0,0.07,0.005,0.1052631578947368,11.052631578947368,0.5263157894736842,0.0,-1.2563348373131715,-0.7466305219334289,1,1,1
Gazpacho (1 cup),Meal/Soup,90,2.0,12.0,4.0,3.0,7.0,Lunch,240,0.6,0.0,2.2222222222222223,4.444444444444445,13.333333333333334,3.333333333333333,-0.0877144246359763,0.353441800113725,2,1,1
Croutons (Garlic 1/4 cup),Grain,50,1.5,7.0,2.0,0.5,0.5,Lunch,0,0.14,0.0,3.0,4.0,14.000000000000002,1.0,-1.471312603722743,-0.3282491535266288,1,1,1
Olive Oil (1 tsp garnish),Condiment,40,0.0,0.0,4.5,0.0,0.0,Lunch,0,0.0,0.0,0.0,11.25,0.0,0.0,-1.8833151639228731,-0.5752659700984045,1,1,1
Churros (2 sticks),Dessert,240,3.0,30.0,12.0,1.5,10.0,Snack,0,0.2,0.02,1.25,5.0,12.5,0.625,0.7173073407422516,0.8157303398059407,2,1,1
Chocolate Sauce (1 tbsp dipping),Condiment,50,0.5,10.0,1.5,1.0,8.0,Snack,0,0.005,0.0,1.0,3.0,20.0,2.0,-1.515820478098673,0.5132504455333887,1,1,1
Cinnamon Sugar (1 tsp),Condiment,20,0.0,5.0,0.0,0.0,5.0,Snack,0,0.0,0.0,0.0,0.0,25.0,0.0,-2.013308562575821,0.059033552657402,1,1,1
Horchata (1 cup),Beverage,140,2.0,25.0,3.0,1.0,22.0,Snack,240,0.03,0.005,1.4285714285714286,2.142857142857143,17.857142857142858,0.7142857142857143,-0.4908855634593969,1.9355724504612344,2,1,1
Ceviche (1 cup fish),Meal/Fish,180,16.75,15.0,2.0,3.0,4.0,Lunch,0,0.7,0.045,9.305555555555555,1.1111111111111112,8.333333333333332,1.6666666666666667,1.6015282119178091,-0.76668702196792,2,0,1
Red Onion (1/4 cup in ceviche),Vegetable,16,0.3,3.7,0.0,0.4,1.8,Lunch,0,0.001,0.0,1.875,0.0,23.125,2.5,-2.0129905222182654,-0.1953739397006755,1,1,1
Cilantro (2 tbsp garnish),Condiment,1,0.1,0.0,0.0,0.1,0.0,Lunch,0,0.0,0.0,10.0,0.0,0.0,10.0,-2.219121704221111,-0.4799780822580775,1,1,1
Corn Nuts (1 oz),Snack/Processed,130,2.0,23.0,4.0,2.0,0.0,Snack,0,0.18,0.0,1.5384615384615383,3.076923076923077,17.692307692307693,1.5384615384615383,-0.4777074016333649,0.2513921098313509,1,1,1
Lomo Saltado (1.5 cups),Meal/Meat,500,16.75,45.0,22.0,5.0,6.0,Dinner,0,1.1,0.09,3.35,4.4,9.0,1.0,5.422738207670096,-0.3409892141150005,0,0,1
French Fries (as side),Vegetable/Processed,200,2.0,25.0,10.0,2.0,0.2,Dinner,0,0.13,0.0,1.0,5.0,12.5,1.0,0.0392869275973556,0.2418302388722074,2,1,1
Soy Sauce (1 tbsp in stir-fry),Condiment,9,1.0,1.0,0.0,0.1,0.4,Dinner,0,0.92,0.0,11.11111111111111,0.0,11.11111111111111,1.1111111111111112,-0.9404938418010944,-0.8713373424300708,1,1,1
Aji Amarillo Paste (1 tsp),Condiment,5,0.1,1.0,0.0,0.5,0.5,Dinner,0,0.05,0.0,2.0,0.0,20.0,10.0,-2.059449126512144,-0.3854146344754696,1,1,1
Pisco Sour (1 drink),Beverage,250,1.0,25.0,0.0,0.0,24.0,Snack,180,0.005,0.005,0.4,0.0,10.0,0.0,-0.4920543555214287,2.146467152397289,2,1,1
Egg White (in drink),Condiment,17,3.6,0.2,0.0,0.0,0.2,Snack,0,0.055,0.0,21.176470588235293,0.0,1.1764705882352942,0.0,-1.859513990527882,-0.6407675338469337,1,1,1
Angostura Bitters (dash),Condiment,5,0.0,0.0,0.0,0.0,0.0,Snack,0,0.0,0.0,0.0,0.0,0.0,0.0,-2.2267704527998164,-0.4854077315962506,1,1,1
Alfajores (1 cookie),Dessert,180,2.0,22.0,10.0,1.0,15.0,Snack,0,0.06,0.02,1.1111111111111112,5.555555555555555,12.22222222222222,0.5555555555555556,-0.0098793643698197,1.0201691055157525,2,1,1
Dulce de Leche (1 tbsp filling),Condiment,65,1.0,12.0,1.5,0.0,10.0,Snack,0,0.03,0.005,1.5384615384615383,2.307692307692308,18.461538461538463,0.0,-1.440483013500449,0.5440729196719546,1,1,1
Coconut (shredded garnish),Fruit,10,0.1,0.5,1.0,0.2,0.1,Snack,0,0.0,0.0,1.0,10.0,5.0,2.0,-2.113009021258233,-0.464697033630319,1,1,1
Mate (1 cup),Beverage,5,0.2,1.0,0.0,0.0,0.0,Breakfast,240,0.002,0.0,4.0,0.0,20.0,0.0,-2.189381230717032,-0.4640210893139727,1,1,1
Media Luna (1 pastry),Grain,190,4.0,25.0,8.0,1.0,9.0,Breakfast,0,0.15,0.025,2.1052631578947367,4.2105263157894735,13.157894736842104,0.5263157894736842,0.2026405931786251,0.5346776942754562,2,1,1
Chimichurri (1 tbsp),Condiment,45,0.1,0.5,4.5,0.2,0.1,Dinner,0,0.1,0.0,0.2222222222222222,10.0,1.1111111111111112,0.4444444444444444,-1.693374591014927,-0.576531517453252,1,1,1
Skirt Steak (4oz grilled),Protein/Meat,240,16.75,0.0,15.0,0.0,0.0,Dinner,0,0.07,0.08,6.979166666666667,6.25,0.0,0.0,1.114803771306761,-2.1723685817710523,1,0,1
Provoleta (1 oz grilled cheese),Dairy,100,7.0,1.0,8.0,0.0,0.5,Dinner,0,0.25,0.02,7.000000000000001,8.0,1.0,0.0,-0.5393990460820498,-1.1495523803156138,1,1,1
Oregano (1 tsp),Condiment,3,0.1,0.7,0.0,0.2,0.0,Dinner,0,0.0,0.0,3.333333333333333,0.0,23.33333333333333,6.666666666666667,-2.1837191133150125,-0.4458377999984982,1,1,1
Empanada (Beef 1 medium),Meal/Processed,290,10.0,28.0,16.0,3.0,3.0,Lunch,0,0.55,0.03,3.4482758620689653,5.517241379310345,9.655172413793103,1.0344827586206895,2.1715761364232726,-0.2294484761643047,2,1,1
Chicken Milanesa (1 serving),Meal/Meat,450,16.75,30.0,22.0,3.0,2.0,Dinner,0,0.7,0.1,3.722222222222222,4.888888888888889,6.666666666666667,0.6666666666666667,4.175522068215615,-1.2685151639464345,0,0,1
Mashed Potatoes (side),Vegetable,150,3.0,25.0,4.0,2.0,2.0,Dinner,0,0.3,0.01,2.0,2.666666666666667,16.666666666666664,1.3333333333333337,-0.0559473800276331,0.2926981556845259,2,1,1
Flan (1 slice),Dessert,220,6.0,35.0,7.0,0.0,33.0,Snack,0,0.08,0.09,2.727272727272727,3.1818181818181817,15.909090909090908,0.0,1.0959921809272726,1.9982140844661256,2,1,1
Choripan (1 sandwich),Meal/Processed,550,16.75,40.0,35.0,3.0,4.0,Lunch,250,1.1,0.08,3.0454545454545454,6.363636363636363,7.272727272727272,0.5454545454545455,5.766438119604273,-1.0775947204416532,0,0,1
Baguette (slice),Grain,70,2.5,14.0,0.5,0.6,0.5,Lunch,0,0.15,0.0,3.571428571428571,0.7142857142857143,20.0,0.8571428571428572,-1.2369486050523535,-0.1039043884231683,1,1,1
Chimichurri (1 tbsp),Condiment,45,0.1,0.5,4.5,0.2,0.1,Lunch,0,0.1,0.0,0.2222222222222222,10.0,1.1111111111111112,0.4444444444444444,-1.693374591014927,-0.576531517453252,1,1,1
Pizza (Margherita 1 slice),Meal/Processed,250,12.0,30.0,10.0,3.0,4.0,Dinner,250,0.6,0.025,4.8,4.0,12.0,1.2,1.9581811216880292,-0.0358594235116691,2,1,1
Fresh Mozzarella (1 oz),Dairy,72,5.0,0.8,5.0,0.0,0.3,Dinner,0,0.138,0.022,6.944444444444445,6.944444444444445,1.1111111111111112,0.0,-1.0580017263427357,-0.9919919284810113,1,1,1
Basil (2 tbsp fresh),Condiment,1,0.1,0.1,0.0,0.1,0.0,Dinner,0,0.0,0.0,10.0,0.0,10.0,10.0,-2.2170301569750985,-0.4768754695380529,1,1,1
Carbonara (1.5 cups),Meal/Pasta,650,16.75,60.0,35.0,4.0,4.0,Dinner,0,0.9,0.25,2.576923076923077,5.384615384615385,9.230769230769232,0.6153846153846154,7.563716023905645,-1.6439247590025643,0,0,1
Guanciale (1 oz),Protein/Meat,170,3.0,0.0,18.0,0.0,0.0,Dinner,0,0.45,0.035,1.7647058823529411,10.588235294117649,0.0,0.0,0.2471020053483781,-1.4647651009233515,1,1,1
Pecorino Cheese (1 tbsp),Dairy,25,1.5,0.1,2.0,0.0,0.0,Dinner,0,0.11,0.006,6.0,8.0,0.4,0.0,-1.7726412690255988,-0.6863845422651734,1,1,1
Black Pepper (1/4 tsp),Condiment,1,0.0,0.2,0.0,0.1,0.0,Dinner,0,0.0,0.0,0.0,0.0,20.0,10.0,-2.221910823179976,-0.4694066037040546,1,1,1
Egg Yolk (1 large in sauce),Protein,55,2.7,0.6,4.5,0.0,0.3,Dinner,0,0.008,0.184,4.909090909090909,8.181818181818182,1.0909090909090908,0.0,-0.3669458115616931,-2.2037454823461475,1,1,1
Supplì (1 piece fried rice ball),Snack/Processed,200,8.0,25.0,8.0,2.0,2.0,Snack,0,0.4,0.025,4.0,4.0,12.5,1.0,0.8896966466745052,-0.1693452421554332,2,1,1
Aperol Spritz (1 drink),Beverage,180,0.0,20.0,0.0,0.0,20.0,Snack,150,0.01,0.0,0.0,0.0,11.11111111111111,0.0,-0.9753094647223608,1.7381559183407442,2,1,1
Prosecco (3 oz),Beverage,70,0.0,2.0,0.0,0.0,1.5,Snack,0,0.005,0.0,0.0,0.0,2.857142857142857,0.0,-1.9434248233837204,-0.2823499808752097,1,1,1
Club Soda (2 oz),Beverage,0,0.0,0.0,0.0,0.0,0.0,Snack,0,0.02,0.0,,,,,-2.218214913137856,-0.4966659274691755,1,1,1
Orange Slice (garnish),Fruit,5,0.1,1.0,0.0,0.2,0.8,Snack,0,0.0,0.0,2.0,0.0,20.0,4.0,-2.161361962112982,-0.3744153308358543,1,1,1
Tagliatelle al Ragù (Bolognese),Meal/Pasta,550,16.75,65.0,20.0,7.0,8.0,Dinner,500,0.85,0.07,3.0454545454545454,3.636363636363636,11.818181818181818,1.2727272727272727,5.76043100704784,1.0145994162321426,0,0,1
Ground Beef (2 oz in sauce),Protein/Meat,140,11.0,0.0,10.0,0.0,0.0,Dinner,0,0.04,0.035,7.857142857142857,7.142857142857142,0.0,0.0,-0.2163541590622938,-1.4542836589811996,1,1,1
Pancetta (0.5 oz in sauce),Protein/Meat,45,1.5,0.0,4.5,0.0,0.0,Dinner,0,0.16,0.01,3.333333333333333,10.0,0.0,0.0,-1.4916202143190045,-0.795646413467865,1,1,1
Carrot (1/4 minced in sauce),Vegetable,10,0.2,2.4,0.1,0.7,1.2,Dinner,0,0.017,0.0,2.0,1.0,24.0,6.999999999999999,-2.006815314026832,-0.2548504028216261,1,1,1
Celery (1/4 stalk minced),Vegetable,2,0.1,0.4,0.0,0.2,0.2,Dinner,0,0.012,0.0,5.0,0.0,20.0,10.0,-2.1758184976258272,-0.4457153752398693,1,1,1
Onion (1/8 minced in sauce),Vegetable,5,0.1,1.2,0.0,0.2,0.6,Dinner,0,0.001,0.0,2.0,0.0,24.0,4.0,-2.158261064871833,-0.3839734115941864,1,1,1
Crushed Tomatoes (1/2 cup sauce),Vegetable,20,1.0,4.0,0.0,1.5,3.0,Dinner,0,0.2,0.0,5.0,0.0,20.0,7.5,-1.524037937073118,-0.0862516987635645,1,1,1
Parmigiano-Reggiano (1 tbsp),Dairy,22,2.0,0.2,1.5,0.0,0.0,Dinner,0,0.095,0.004,9.090909090909092,6.8181818181818175,0.9090909090909092,0.0,-1.803450333323296,-0.6710342036471793,1,1,1
Cannoli (1 medium),Dessert,240,5.0,25.0,13.0,1.0,18.0,Snack,0,0.1,0.03,2.083333333333333,5.416666666666667,10.416666666666668,0.4166666666666667,0.7675642673426437,1.0653936523983405,2,1,1
Ricotta (filling 1 oz),Dairy,49,3.2,0.8,3.8,0.0,0.1,Snack,0,0.023,0.014,6.530612244897959,7.755102040816326,1.6326530612244898,0.0,-1.5230448339478264,-0.7909639605201185,1,1,1
Pistachio (garnish),Nut,10,0.4,0.5,0.8,0.2,0.1,Snack,0,0.0,0.0,4.0,8.0,5.0,2.0,-2.102149779841081,-0.4731212551361878,1,1,1
Biscotti (1 cookie),Dessert,110,2.0,18.0,4.0,1.0,9.0,Snack,0,0.05,0.015,1.818181818181818,3.636363636363636,16.363636363636363,0.9090909090909092,-0.7466573411869882,0.593161774242727,1,1,1
Espresso (for dipping),Beverage,2,0.2,0.0,0.0,0.0,0.0,Snack,30,0.001,0.0,10.0,0.0,0.0,0.0,-2.221603977065695,-0.4959067725528385,1,1,1
Focaccia (1 square),Grain,250,8.0,40.0,7.0,2.0,2.0,Lunch,0,0.5,0.0,3.2,2.8000000000000003,16.0,0.8,1.2769141438526073,0.5072464113319205,2,1,1
Rosemary (1 tsp topping),Condiment,1,0.0,0.2,0.0,0.1,0.0,Lunch,0,0.0,0.0,0.0,0.0,20.0,10.0,-2.221910823179976,-0.4694066037040546,1,1,1
Coarse Salt (garnish),Condiment,0,0.0,0.0,0.0,0.0,0.0,Lunch,0,0.2,0.0,,,,,-1.990575868258749,-0.5782940095710469,1,1,1
Olive Oil (1 tbsp drizzle),Condiment,120,0.0,0.0,14.0,0.0,0.0,Lunch,0,0.0,0.0,0.0,11.666666666666666,0.0,0.0,-1.1377857137365348,-0.7622919737474084,1,1,1
Bruschetta (2 pcs),Snack/Appetizer,180,4.0,25.0,7.0,3.0,4.0,Snack,0,0.35,0.0,2.2222222222222223,3.888888888888889,13.88888888888889,1.6666666666666667,0.4244021269595405,0.52245476885761,2,1,1
Balsamic Glaze (1 tsp),Condiment,13,0.0,3.0,0.0,0.0,2.7,Snack,0,0.003,0.0,0.0,0.0,23.07692307692308,0.0,-2.1017671600104397,-0.1835058361536899,1,1,1
Ribollita (1.5 cups soup),Meal/Soup,350,15.0,55.0,8.0,14.0,10.0,Dinner,500,0.9,0.005,4.285714285714286,2.2857142857142856,15.714285714285714,4.0,4.785497147704524,2.461730203185188,0,1,0
Cannellini Beans (1/2 cup in soup),Legume,105,7.0,20.0,0.5,6.0,1.0,Dinner,0,0.23,0.0,6.666666666666667,0.4761904761904762,19.047619047619047,5.714285714285714,0.1860987021147604,0.5266032420284024,2,1,1
Kale (1 cup in soup),Vegetable,33,2.9,6.0,0.6,2.0,1.0,Dinner,0,0.029,0.0,8.787878787878787,1.818181818181818,18.181818181818183,6.0606060606060606,-1.4454370050795615,-0.1333103460929935,1,1,1
Stale Bread (1/2 cup in soup),Grain,80,3.0,15.0,1.0,1.0,1.5,Dinner,0,0.16,0.0,3.75,1.25,18.75,1.25,-1.0419055455832404,0.0161816559005445,1,1,1
Polenta (1 cup creamy),Meal/Grain,150,3.0,32.0,1.0,3.0,1.0,Dinner,0,0.35,0.005,2.0,0.6666666666666667,21.333333333333336,2.0,0.0977514484669888,0.6385002386283132,2,1,1
Gorgonzola Cheese (1 oz),Dairy,100,6.0,0.7,8.0,0.0,0.1,Dinner,0,0.325,0.021,6.0,8.0,0.7,0.0,-0.5184371132563167,-1.1882806979615637,1,1,1
Negroni (1 drink),Beverage,190,0.0,15.0,0.0,0.0,15.0,Snack,90,0.005,0.0,0.0,0.0,7.894736842105263,0.0,-1.111406224014406,1.2069241256757277,1,1,1
Gin (1 oz),Beverage,70,0.0,0.0,0.0,0.0,0.0,Snack,0,0.0,0.0,0.0,0.0,0.0,0.0,-2.0091805146910326,-0.4569584149509313,1,1,1
Campari (1 oz),Beverage,80,0.0,10.0,0.0,0.0,10.0,Snack,0,0.005,0.0,0.0,0.0,12.5,0.0,-1.6428841776281624,0.6209030709404547,1,1,1
Sweet Vermouth (1 oz),Beverage,40,0.0,5.0,0.0,0.0,5.0,Snack,0,0.0,0.0,0.0,0.0,12.5,0.0,-1.946357812388503,0.0677871885482695,1,1,1
Orange Peel (garnish),Condiment,1,0.0,0.2,0.0,0.1,0.0,Snack,0,0.0,0.0,0.0,0.0,20.0,10.0,-2.221910823179976,-0.4694066037040546,1,1,1
Osso Buco (1 serving),Meal/Meat,550,16.75,15.0,30.0,4.0,6.0,Dinner,0,0.9,0.15,3.0454545454545454,5.454545454545454,2.727272727272727,0.7272727272727273,5.379517198754877,-1.9687394437238763,0,0,1
Gremolata (1 tbsp),Condiment,15,0.5,1.0,1.0,0.5,0.5,Dinner,0,0.005,0.0,3.333333333333333,6.666666666666667,6.666666666666667,3.333333333333333,-2.0047076641571167,-0.401468497640723,1,1,1
Risotto alla Milanese (1 cup),Meal/Rice,350,10.0,50.0,12.0,3.0,3.0,Dinner,0,0.7,0.03,2.857142857142857,3.428571428571429,14.285714285714285,0.8571428571428572,2.821120006463566,0.5048545848831943,0,1,1
Saffron (pinch in risotto),Condiment,1,0.0,0.1,0.0,0.0,0.0,Dinner,0,0.0,0.0,0.0,0.0,10.0,0.0,-2.2380690555912675,-0.4840558460543995,1,1,1
Panettone (1 slice),Dessert,320,6.0,50.0,12.0,3.0,25.0,Snack,0,0.2,0.07,1.875,3.75,15.625,0.9375,2.339742080665427,2.2391317402581974,2,1,1
Candied Fruit (1 tbsp),Fruit,30,0.0,8.0,0.0,0.5,8.0,Snack,0,0.005,0.0,0.0,0.0,26.666666666666668,1.6666666666666667,-1.8052271583034647,0.4416017064306865,1,1,1
Amaretti Cookie (2 cookies),Dessert,90,2.0,12.0,4.0,1.0,10.0,Snack,0,0.01,0.0,2.2222222222222223,4.444444444444445,13.333333333333334,1.1111111111111112,-1.0799954514311254,0.6197151738640165,1,1,1
Limoncello (1.5 oz shot),Beverage,150,0.0,18.0,0.0,0.0,18.0,Snack,0,0.0,0.0,0.0,0.0,12.0,0.0,-1.1536817346411354,1.5144099350203462,2,1,1
Panna Cotta (1 serving),Dessert,300,4.0,25.0,20.0,0.0,22.0,Snack,0,0.05,0.07,1.3333333333333337,6.666666666666667,8.333333333333332,0.0,1.3658535691838418,0.8470457332399545,2,1,1
Berry Coulis (1 tbsp),Condiment,20,0.0,5.0,0.0,0.5,4.5,Snack,0,0.0,0.0,0.0,0.0,25.0,2.5,-1.9488422832777137,0.0784921586755763,1,1,1
Saltimbocca (1 serving),Meal/Meat,380,16.75,5.0,22.0,0.5,1.0,Dinner,0,0.85,0.12,4.407894736842105,5.789473684210527,1.3157894736842104,0.131578947368421,3.380661898180985,-2.6770778172088616,0,0,1
Prosciutto (1 slice wrapper),Protein/Meat,35,4.0,0.0,2.5,0.0,0.0,Dinner,0,0.28,0.01,11.428571428571429,7.142857142857142,0.0,0.0,-1.2996048792428532,-0.9168529023033672,1,1,1
Sage (2 leaves),Condiment,1,0.0,0.1,0.0,0.1,0.0,Dinner,0,0.0,0.0,0.0,0.0,10.0,10.0,-2.224002370425988,-0.4725092164240793,1,1,1
White Wine Sauce (1/4 cup),Condiment,80,1.0,4.0,6.0,0.5,2.0,Dinner,0,0.3,0.005,1.25,7.5,5.0,0.625,-1.0133846057993785,-0.4798496214590759,1,1,1
Polenta (grilled 1 slice),Meal/Grain,120,2.5,25.0,1.0,2.0,0.5,Dinner,0,0.3,0.0,2.083333333333333,0.8333333333333334,20.833333333333336,1.6666666666666667,-0.4277252388040558,0.3412101689895018,1,1,1
Caponata (1/2 cup),Meal/Vegetable,180,2.0,15.0,14.0,5.0,9.0,Dinner,0,0.4,0.0,1.1111111111111112,7.777777777777778,8.333333333333332,2.7777777777777777,0.8310503326940263,0.7269132815629564,2,1,1
Eggplant (1/2 cup in caponata),Vegetable,40,0.5,6.0,2.0,2.0,3.0,Dinner,0,0.15,0.0,1.25,5.0,15.0,5.0,-1.3424429620604046,0.0400476941392638,1,1,1
Pine Nuts (1/2 tbsp),Nut,48,1.0,1.0,5.0,0.2,0.2,Dinner,0,0.0,0.0,2.083333333333333,10.416666666666668,2.083333333333333,0.4166666666666667,-1.7102735305982568,-0.5576841881576667,1,1,1
Raisins (1 tbsp),Fruit,27,0.3,7.0,0.0,0.3,6.0,Dinner,0,0.001,0.0,1.1111111111111112,0.0,25.925925925925924,1.1111111111111112,-1.8719292048244869,0.2217863040905816,1,1,1
Gelato (Pistachio 1/2 cup),Dessert,220,5.0,24.0,12.0,2.0,20.0,Snack,0,0.06,0.04,2.272727272727273,5.454545454545454,10.909090909090908,0.9090909090909092,0.8109882759893525,1.2511738566939052,2,1,1
Waffle Cone (1 small),Grain,70,1.0,13.0,1.5,0.5,7.0,Snack,0,0.03,0.005,1.4285714285714286,2.142857142857143,18.571428571428573,0.7142857142857143,-1.3676993068368264,0.405373351195956,1,1,1
Cacio e Pepe (1.5 cups),Meal/Pasta,500,16.75,65.0,19.0,4.0,3.0,Dinner,0,0.7,0.05,3.35,3.8,13.0,0.8,4.736339427348035,0.5240006280547322,0,0,1
Pecorino Romano (1/4 cup),Dairy,110,7.5,1.0,8.5,0.0,0.0,Dinner,0,0.45,0.025,6.8181818181818175,7.727272727272727,0.9090909090909092,0.0,-0.1648398595238524,-1.3499239638811396,1,1,1
Black Pepper (1/2 tsp),Condiment,3,0.1,0.7,0.0,0.3,0.0,Dinner,0,0.0,0.0,3.333333333333333,0.0,23.33333333333333,10.0,-2.1696524281497336,-0.434291170368178,1,1,1
Fiorentina Steak (3oz portion),Protein/Meat,230,16.75,0.0,15.0,0.0,0.0,Dinner,0,0.06,0.075,7.282608695652174,6.521739130434782,0.0,0.0,1.0346676612970191,-2.1299521260509278,1,0,1
Olive Oil (1 tbsp drizzle),Condiment,120,0.0,0.0,14.0,0.0,0.0,Dinner,0,0.0,0.0,0.0,11.666666666666666,0.0,0.0,-1.1377857137365348,-0.7622919737474084,1,1,1
Rosemary (garnish),Condiment,1,0.0,0.2,0.0,0.1,0.0,Dinner,0,0.0,0.0,0.0,0.0,20.0,10.0,-2.221910823179976,-0.4694066037040546,1,1,1
White Beans (Tuscan style 1/2 cup),Legume,150,8.0,20.0,4.0,7.0,2.0,Dinner,0,0.35,0.0,5.333333333333334,2.666666666666667,13.333333333333334,4.666666666666667,0.8866250138787789,0.5584286386810157,2,1,1
Garlic (1 clove in beans),Vegetable,4,0.2,0.9,0.0,0.1,0.0,Dinner,0,0.001,0.0,5.0,0.0,22.5,2.5,-2.182018291667571,-0.45556126485321,1,1,1
Sage (in beans),Condiment,1,0.0,0.1,0.0,0.1,0.0,Dinner,0,0.0,0.0,0.0,0.0,10.0,10.0,-2.224002370425988,-0.4725092164240793,1,1,1
Arancini (1 large ball),Snack/Processed,250,9.0,30.0,10.0,3.0,3.0,Snack,0,0.5,0.03,3.6,4.0,12.0,1.2,1.6448284103725,0.0216696399262715,2,1,1
Ragù (filling 1 tbsp),Condiment,25,1.5,1.0,1.5,0.5,0.5,Snack,0,0.06,0.005,6.0,6.0,4.0,2.0,-1.7727961610799077,-0.5196408496161824,1,1,1
Mozzarella (filling 0.5 oz),Dairy,40,3.0,0.5,3.0,0.0,0.2,Snack,0,0.075,0.01,7.5,7.5,1.25,0.0,-1.5738968129148443,-0.7589001106004185,1,1,1
Breadcrumbs (coating),Grain,25,0.5,4.0,0.5,0.5,0.5,Snack,0,0.05,0.0,2.0,2.0,16.0,2.0,-1.876719607802097,-0.3127339740298887,1,1,1
Campari & Soda (1 drink),Beverage,85,0.0,10.0,0.0,0.0,10.0,Snack,150,0.025,0.0,0.0,0.0,11.76470588235294,0.0,-1.6008532628725431,0.6140216930129636,1,1,1
Olive (garnish),Fruit,5,0.0,0.1,0.5,0.1,0.0,Snack,0,0.03,0.0,0.0,10.0,2.0,2.0,-2.1475288822365477,-0.4960495141863479,1,1,1
Vitello Tonnato (1 serving),Meal/Meat,380,16.75,3.0,25.0,0.5,1.0,Lunch,0,0.6,0.11,4.407894736842105,6.578947368421052,0.7894736842105263,0.131578947368421,3.105498354560246,-2.6113590424666278,0,0,1
Tuna Sauce (2 tbsp),Condiment,100,4.0,1.0,9.0,0.0,0.5,Lunch,0,0.2,0.015,4.0,9.0,1.0,0.0,-0.7955256442648188,-0.97700462861069,1,1,1
Capers (garnish),Condiment,2,0.2,0.4,0.1,0.3,0.1,Lunch,0,0.2,0.0,10.0,5.0,20.0,15.0,-1.913167993084934,-0.533783172930189,1,1,1
Lemon Slice (garnish),Condiment,1,0.0,0.3,0.0,0.1,0.1,Lunch,0,0.0,0.0,0.0,0.0,30.0,10.0,-2.218645846628305,-0.4586490825573447,1,1,1
Gnocchi alla Sorrentina (1.5 cups),Meal/Pasta,450,15.0,60.0,18.0,6.0,9.0,Dinner,0,0.8,0.04,3.333333333333333,4.0,13.333333333333334,1.3333333333333337,4.702261814576566,1.1761629451385327,0,1,1
Tomato Sauce (1/2 cup),Condiment,40,1.5,7.0,1.0,2.0,4.0,Dinner,0,0.35,0.0,3.75,2.5,17.5,5.0,-1.0374257846244948,0.0366351946448087,1,1,1
Mozzarella (1 oz melted),Dairy,80,6.0,1.0,6.0,0.0,0.5,Dinner,0,0.15,0.02,7.5,7.5,1.25,0.0,-0.903112056177386,-1.0225491722051845,1,1,1
Basil (fresh garnish),Condiment,1,0.1,0.0,0.0,0.1,0.0,Dinner,0,0.0,0.0,10.0,0.0,0.0,10.0,-2.219121704221111,-0.4799780822580775,1,1,1
Parmigiano-Reggiano (1 tbsp),Dairy,22,2.0,0.2,1.5,0.0,0.0,Dinner,0,0.095,0.004,9.090909090909092,6.8181818181818175,0.9090909090909092,0.0,-1.803450333323296,-0.6710342036471793,1,1,1
Pesto (1/4 cup),Condiment,290,5.0,4.0,29.0,2.0,1.0,Dinner,0,0.6,0.005,1.7241379310344829,10.0,1.3793103448275863,0.6896551724137931,1.7037520793419827,-1.1395548636250727,2,1,1
Pine Nuts (1 tbsp in pesto),Nut,95,2.0,2.0,10.0,0.5,0.5,Dinner,0,0.0,0.0,2.1052631578947367,10.526315789473683,2.1052631578947367,0.5263157894736842,-1.1651463438882967,-0.6090083794839037,1,1,1
Garlic (1/2 clove in pesto),Vegetable,2,0.1,0.5,0.0,0.0,0.0,Dinner,0,0.0,0.0,5.0,0.0,25.0,0.0,-2.219383115646961,-0.4755739664937314,1,1,1
Trofie Pasta (1 cup cooked),Grain,210,7.0,43.0,1.0,2.0,1.0,Dinner,0,0.005,0.0,3.333333333333333,0.4761904761904762,20.476190476190474,0.9523809523809524,0.1965732918098137,0.9146443288855152,2,1,1
Green Beans (1/2 cup w/ pasta),Vegetable,15,0.9,3.5,0.1,1.3,1.6,Dinner,0,0.003,0.0,6.000000000000001,0.6666666666666667,23.33333333333333,8.666666666666668,-1.846876543449484,-0.1428487634076452,1,1,1
Potato (1/2 w/ pasta),Vegetable,65,1.0,15.0,0.1,1.0,0.5,Dinner,0,0.003,0.0,1.5384615384615383,0.1538461538461538,23.07692307692308,1.5384615384615383,-1.4871072990969263,0.1126256544238795,1,1,1
Espresso Martini (1 drink),Beverage,280,0.5,25.0,0.0,0.0,25.0,Snack,120,0.005,0.0,0.1785714285714285,0.0,8.928571428571429,0.0,-0.4487691257500121,2.300236336285768,2,1,1
Vodka (1.5 oz),Beverage,97,0.0,0.0,0.0,0.0,0.0,Snack,0,0.0,0.0,0.0,0.0,0.0,0.0,-1.9187970019381533,-0.4451410064982602,1,1,1
Coffee Liqueur (1 oz),Beverage,100,0.0,15.0,0.0,0.0,15.0,Snack,0,0.002,0.0,0.0,0.0,15.0,0.0,-1.4164785839386558,1.1688932322018553,1,1,1
Espresso (1 oz in drink),Beverage,3,0.3,0.0,0.1,0.0,0.0,Snack,0,0.001,0.0,10.0,3.333333333333333,0.0,0.0,-2.2062555266376807,-0.5021726127902949,1,1,1
Simple Syrup (1/2 oz),Condiment,30,0.0,8.0,0.0,0.0,8.0,Snack,0,0.0,0.0,0.0,0.0,26.666666666666668,0.0,-1.8818838909320577,0.3861360050041371,1,1,1
Coffee Beans (3 garnish),Snack,2,0.1,0.3,0.0,0.1,0.0,Snack,0,0.0,0.0,5.0,0.0,15.0,5.0,-2.2094995249737077,-0.4702325623034602,1,1,1
Baba Ganoush (1/4 cup),Meal/Vegetable,100,2.0,8.0,7.0,4.0,2.0,Snack,0,0.3,0.0,2.0,7.000000000000001,8.0,4.0,-0.2844429771119959,0.0323637201894432,1,1,1
Pita Bread (1 white),Grain,165,5.5,33.0,1.2,1.5,1.5,Snack,0,0.31,0.0,3.333333333333333,0.7272727272727273,20.0,0.9090909090909092,0.0635090120951995,0.4877337787558096,2,1,1
Falafel (3 pieces),Meal/Vegetarian,180,6.0,18.0,9.0,4.0,1.0,Lunch,0,0.32,0.0,3.333333333333333,5.0,10.0,2.2222222222222223,0.5855362097815074,0.0706251616688448,2,1,1
Tahini Sauce (1 tbsp),Condiment,30,1.0,1.5,2.5,0.5,0.0,Lunch,0,0.045,0.0,3.333333333333333,8.333333333333332,5.0,1.6666666666666667,-1.7890259981264462,-0.4926946223965514,1,1,1
Pickled Turnips (2 tbsp),Vegetable,10,0.2,2.0,0.0,0.5,1.0,Lunch,0,0.2,0.0,2.0,0.0,20.0,5.0,-1.8192574024600885,-0.3863152110346126,1,1,1
Shawarma (Chicken 1 wrap),Meal/Processed,550,16.75,50.0,25.0,6.0,5.0,Lunch,250,1.1,0.08,3.0454545454545454,4.545454545454546,9.090909090909092,1.090909090909091,5.906457745444617,-0.1106585834601252,0,0,1
Garlic Sauce (1 tbsp),Condiment,90,0.1,1.0,10.0,0.0,0.5,Lunch,0,0.08,0.005,0.1111111111111111,11.11111111111111,1.1111111111111112,0.0,-1.270417955141706,-0.6955347824592548,1,1,1
Hummus (1/4 cup),Legume,130,5.0,10.0,8.0,4.0,1.0,Lunch,0,0.25,0.0,3.8461538461538463,6.153846153846154,7.6923076923076925,3.076923076923077,0.0423001302149608,-0.1006884711895678,1,1,1
Tabouli (1/2 cup),Meal/Vegetarian,120,3.0,15.0,6.0,4.0,2.0,Lunch,0,0.3,0.0,2.5,5.0,12.5,3.333333333333333,-0.0516487798724876,0.2380104045225574,2,1,1
Bulgur (1/4 cup in tabouli),Grain,76,2.7,16.8,0.2,4.1,0.1,Lunch,0,0.004,0.0,3.552631578947368,0.2631578947368421,22.10526315789474,5.394736842105263,-0.8564420236713317,0.4235960067568978,1,1,1
Parsley (1/4 cup in tabouli),Vegetable,5,0.3,1.0,0.1,0.5,0.1,Lunch,0,0.005,0.0,6.0,2.0,20.0,10.0,-2.1020794785850128,-0.4066970228027168,1,1,1
Mint (1 tbsp in tabouli),Condiment,1,0.1,0.1,0.0,0.1,0.0,Lunch,0,0.0,0.0,10.0,0.0,10.0,10.0,-2.2170301569750985,-0.4768754695380529,1,1,1
Lemon Juice (1 tbsp dressing),Condiment,4,0.1,1.3,0.0,0.1,0.2,Lunch,0,0.0,0.0,2.5,0.0,32.5,2.5,-2.1795421188835347,-0.4230212546607566,1,1,1
Olive Oil (1 tbsp dressing),Condiment,120,0.0,0.0,14.0,0.0,0.0,Lunch,0,0.0,0.0,0.0,11.666666666666666,0.0,0.0,-1.1377857137365348,-0.7622919737474084,1,1,1
Kibbeh (1 piece fried),Meal/Meat,230,9.0,20.0,13.0,3.0,1.0,Snack,0,0.45,0.03,3.91304347826087,5.652173913043479,8.695652173913043,1.3043478260869563,1.4328822654815585,-0.4978870367910271,2,1,1
Pine Nuts (1/2 tbsp filling),Nut,48,1.0,1.0,5.0,0.2,0.2,Snack,0,0.0,0.0,2.083333333333333,10.416666666666668,2.083333333333333,0.4166666666666667,-1.7102735305982568,-0.5576841881576667,1,1,1
Ground Lamb (1 oz filling),Protein/Meat,80,5.5,0.0,6.0,0.0,0.0,Snack,0,0.02,0.02,6.875000000000001,7.5,0.0,0.0,-1.129161719277381,-1.0110649611176374,1,1,1
Bulgur (1 tbsp shell),Grain,15,0.5,3.4,0.0,0.8,0.0,Snack,0,0.001,0.0,3.333333333333333,0.0,22.666666666666664,5.333333333333334,-1.97352326140461,-0.3054537990422966,1,1,1
Lentil Soup (1 cup Middle Eastern),Meal/Legume,200,10.0,30.0,5.0,10.0,4.0,Lunch,250,0.7,0.0,5.0,2.5,15.0,5.0,2.3409884948690536,1.12065203564059,2,1,0
Cumin (1 tsp),Condiment,8,0.3,1.5,0.5,0.4,0.1,Lunch,0,0.003,0.0,3.75,6.25,18.75,5.0,-2.078060339841976,-0.4098596404313673,1,1,1
Coriander (1 tsp),Condiment,5,0.1,1.0,0.2,0.5,0.0,Lunch,0,0.001,0.0,2.0,4.0,20.0,10.0,-2.117227280766449,-0.4061427365394393,1,1,1
Lemon Juice (1 tsp in soup),Condiment,1,0.0,0.4,0.0,0.0,0.1,Lunch,0,0.0,0.0,0.0,0.0,40.0,0.0,-2.230620984547572,-0.4670930994676403,1,1,1
Pita Crisps (1 oz),Snack/Processed,130,3.0,18.0,5.0,2.0,1.0,Lunch,0,0.24,0.0,2.307692307692308,3.8461538461538463,13.846153846153848,1.5384615384615383,-0.3746616600645639,0.0785659770763538,1,1,1
Manakeesh (Za'atar 1 small),Meal/Vegetarian,300,7.0,45.0,10.0,4.0,2.0,Breakfast,0,0.5,0.0,2.333333333333333,3.333333333333333,15.0,1.3333333333333337,1.911340934450971,0.8887381932656808,2,1,1
Za'atar (1 tbsp),Condiment,40,1.0,3.0,3.0,1.5,0.0,Breakfast,0,0.15,0.0,2.5,7.5,7.5,3.75,-1.4255776225048695,-0.3856150431637674,1,1,1
Olive Oil (1 tbsp on bread),Condiment,120,0.0,0.0,14.0,0.0,0.0,Breakfast,0,0.0,0.0,0.0,11.666666666666666,0.0,0.0,-1.1377857137365348,-0.7622919737474084,1,1,1
Labneh (2 tbsp),Dairy,60,4.0,2.0,4.0,0.0,2.0,Breakfast,0,0.08,0.015,6.666666666666667,6.666666666666667,3.333333333333333,0.0,-1.2941045692351332,-0.6773799794893478,1,1,1
Cucumber (1/4 cup side),Vegetable,8,0.3,1.8,0.0,0.2,0.8,Breakfast,0,0.001,0.0,3.75,0.0,22.5,2.5,-2.119377883354565,-0.3574673792649849,1,1,1
Tomato (1/4 cup side),Vegetable,8,0.3,1.8,0.1,0.5,1.2,Breakfast,0,0.002,0.0,3.75,1.25,22.5,6.25,-2.0661907498078995,-0.2949986149303187,1,1,1
Olives (5 side),Fruit,35,0.2,1.0,3.5,0.5,0.0,Breakfast,0,0.21,0.0,0.5714285714285714,10.0,2.857142857142857,1.4285714285714286,-1.5795676352666967,-0.5692876832191441,1,1,1
Mint Tea (1 cup),Beverage,2,0.1,0.5,0.0,0.0,0.0,Breakfast,240,0.005,0.0,5.0,0.0,25.0,0.0,-2.213059808844764,-0.4778414132187834,1,1,1
Stuffed Grape Leaves (3 pcs),Meal/Vegetarian,150,3.0,20.0,7.0,3.0,3.0,Snack,0,0.4,0.0,2.0,4.666666666666667,13.333333333333334,2.0,0.2011752798344367,0.2986326586424405,2,1,1
Rice (1/4 cup filling),Grain,51,1.1,11.1,0.1,0.1,0.0,Snack,0,0.0,0.0,2.1568627450980395,0.196078431372549,21.764705882352946,0.196078431372549,-1.7448322504687668,-0.1597037806659396,1,1,1
Turkish Coffee (1 small cup),Beverage,5,0.2,0.5,0.0,0.0,0.0,Snack,60,0.001,0.0,4.0,0.0,10.0,0.0,-2.2011036283075347,-0.4790806635690854,1,1,1
Cardamom (in coffee),Condiment,1,0.0,0.2,0.0,0.1,0.0,Snack,0,0.0,0.0,0.0,0.0,20.0,10.0,-2.221910823179976,-0.4694066037040546,1,1,1
Shish Tawook (2 skewers),Meal/Meat,300,16.75,5.0,16.0,1.0,2.0,Dinner,0,0.6,0.1,5.583333333333333,5.333333333333334,1.6666666666666667,0.3333333333333333,2.440982822892548,-2.1551681361578963,0,0,1
Garlic Sauce (Toum 1 tbsp),Condiment,90,0.1,1.0,10.0,0.0,0.5,Dinner,0,0.08,0.005,0.1111111111111111,11.11111111111111,1.1111111111111112,0.0,-1.270417955141706,-0.6955347824592548,1,1,1
French Fries (side),Vegetable/Processed,340,4.0,44.0,17.0,4.0,0.3,Dinner,0,0.23,0.0,1.1764705882352942,5.0,12.941176470588236,1.1764705882352942,1.8057626560670503,0.8349067869037113,2,1,1
Pickled Cucumber (1/4 cup),Vegetable,10,0.5,2.0,0.0,1.0,1.0,Dinner,0,0.3,0.0,5.0,0.0,20.0,10.0,-1.6015412002370752,-0.3870297567259719,1,1,1
Fattoush Salad (1.5 cups),Meal/Vegetarian,250,5.0,25.0,15.0,6.0,5.0,Lunch,0,0.5,0.0,2.0,6.0,10.0,2.4,1.7541818966256086,0.6773730213187293,2,1,1
Fried Pita (1/2 pita in salad),Grain,80,2.0,12.0,3.0,1.0,0.5,Lunch,0,0.15,0.0,2.5,3.75,15.0,1.25,-1.0981810147783135,-0.1519937637377284,1,1,1
Sumac (1/2 tsp dressing),Condiment,5,0.1,1.0,0.2,0.5,0.0,Lunch,0,0.001,0.0,2.0,4.0,20.0,10.0,-2.117227280766449,-0.4061427365394393,1,1,1
Pomegranate Molasses (1 tsp),Condiment,15,0.0,4.0,0.0,0.0,4.0,Lunch,0,0.0,0.0,0.0,0.0,26.666666666666668,0.0,-2.062696015639352,-0.0507300677824152,1,1,1
